archivo_origen,periodo,indicador,estado,detalle,hoja,celda,candidatos
00_datos_crudos\BOL200903BCOS.xls,2009-03,patrimonio,duplicado_balance_resuelto,Se encontraron 2 coincidencias; se usó la fila con más valores.,BAL SAB II,C1221,"[('C1221', 25, 25), ('C649', 25, 25)]"
00_datos_crudos\BOL200903BCOS.xls,2009-03,morosidad,fallback_nombre_usado,No se encontró una fila útil por código; se usó búsqueda textual por nombre/variantes.,INDIC,C24,"[('C24', 25, 25)]"
00_datos_crudos\BOL200903BCOS.xls,2009-03,solvencia_proxy,duplicado_codigo_resuelto,Se encontraron 2 coincidencias por código IF112; se usó la fila con más valores.,INDIC,B81,"[('B81', 25, 25), ('B80', 25, 25)]"
00_datos_crudos\BOL200907BCOS.xls,2009-07,patrimonio,duplicado_balance_resuelto,Se encontraron 2 coincidencias; se usó la fila con más valores.,BAL SAB II,C1224,"[('C1224', 25, 25), ('C650', 25, 25)]"
00_datos_crudos\BOL200907BCOS.xls,2009-07,morosidad,fallback_nombre_usado,No se encontró una fila útil por código; se usó búsqueda textual por nombre/variantes.,INDIC,C24,"[('C24', 25, 25)]"
00_datos_crudos\BOL200907BCOS.xls,2009-07,solvencia_proxy,duplicado_codigo_resuelto,Se encontraron 2 coincidencias por código IF112; se usó la fila con más valores.,INDIC,B82,"[('B82', 25, 25), ('B81', 25, 25)]"
00_datos_crudos\BOL200907BCOS.xls,2009-07,roe,duplicado_codigo_resuelto,Se encontraron 2 coincidencias por código; se usó la fila con más valores.,INDIC,B40,"[('B40', 25, 25), ('B39', 25, 25)]"
00_datos_crudos\BOL201104B PLANTILLA web.xls,2011-04,patrimonio,duplicado_balance_resuelto,Se encontraron 2 coincidencias; se usó la fila con más valores.,BAL SAB II,C1225,"[('C1225', 25, 25), ('C650', 25, 25)]"
00_datos_crudos\BOL201104B PLANTILLA web.xls,2011-04,morosidad,fallback_nombre_usado,No se encontró una fila útil por código; se usó búsqueda textual por nombre/variantes.,INDIC,C24,"[('C24', 25, 25)]"
00_datos_crudos\BOL201104B PLANTILLA web.xls,2011-04,solvencia_proxy,duplicado_codigo_resuelto,Se encontraron 2 coincidencias por código IF112; se usó la fila con más valores.,INDIC,B82,"[('B82', 25, 25), ('B81', 25, 25)]"
00_datos_crudos\BOL201104B PLANTILLA web.xls,2011-04,roe,duplicado_codigo_resuelto,Se encontraron 2 coincidencias por código; se usó la fila con más valores.,INDIC,B40,"[('B40', 25, 25), ('B39', 25, 25)]"
00_datos_crudos\BOL201102B PLANTILLA web .xls,2011-02,patrimonio,duplicado_balance_resuelto,Se encontraron 2 coincidencias; se usó la fila con más valores.,BAL SAB II,C1225,"[('C1225', 25, 25), ('C650', 25, 25)]"
00_datos_crudos\BOL201102B PLANTILLA web .xls,2011-02,morosidad,fallback_nombre_usado,No se encontró una fila útil por código; se usó búsqueda textual por nombre/variantes.,INDIC,C24,"[('C24', 25, 25)]"
00_datos_crudos\BOL201102B PLANTILLA web .xls,2011-02,solvencia_proxy,duplicado_codigo_resuelto,Se encontraron 2 coincidencias por código IF112; se usó la fila con más valores.,INDIC,B82,"[('B82', 25, 25), ('B81', 25, 25)]"
00_datos_crudos\BOL201102B PLANTILLA web .xls,2011-02,roe,duplicado_codigo_resuelto,Se encontraron 2 coincidencias por código; se usó la fila con más valores.,INDIC,B40,"[('B40', 25, 25), ('B39', 25, 25)]"
00_datos_crudos\BOL201103B WEB.xls,2011-03,patrimonio,duplicado_balance_resuelto,Se encontraron 2 coincidencias; se usó la fila con más valores.,BAL SAB II,C1225,"[('C1225', 25, 25), ('C650', 25, 25)]"
00_datos_crudos\BOL201103B WEB.xls,2011-03,morosidad,fallback_nombre_usado,No se encontró una fila útil por código; se usó búsqueda textual por nombre/variantes.,INDIC,C24,"[('C24', 25, 25)]"
00_datos_crudos\BOL201103B WEB.xls,2011-03,solvencia_proxy,duplicado_codigo_resuelto,Se encontraron 2 coincidencias por código IF112; se usó la fila con más valores.,INDIC,B82,"[('B82', 25, 25), ('B81', 25, 25)]"
00_datos_crudos\BOL201103B WEB.xls,2011-03,roe,duplicado_codigo_resuelto,Se encontraron 2 coincidencias por código; se usó la fila con más valores.,INDIC,B40,"[('B40', 25, 25), ('B39', 25, 25)]"
00_datos_crudos\BOL201105B PLANTILLA web.xls,2011-05,patrimonio,duplicado_balance_resuelto,Se encontraron 2 coincidencias; se usó la fila con más valores.,BAL SAB II,C1225,"[('C1225', 25, 25), ('C650', 25, 25)]"
00_datos_crudos\BOL201105B PLANTILLA web.xls,2011-05,morosidad,fallback_nombre_usado,No se encontró una fila útil por código; se usó búsqueda textual por nombre/variantes.,INDIC,C24,"[('C24', 25, 25)]"
00_datos_crudos\BOL201105B PLANTILLA web.xls,2011-05,solvencia_proxy,duplicado_codigo_resuelto,Se encontraron 2 coincidencias por código IF112; se usó la fila con más valores.,INDIC,B82,"[('B82', 25, 25), ('B81', 25, 25)]"
00_datos_crudos\BOL201105B PLANTILLA web.xls,2011-05,roe,duplicado_codigo_resuelto,Se encontraron 2 coincidencias por código; se usó la fila con más valores.,INDIC,B40,"[('B40', 25, 25), ('B39', 25, 25)]"
00_datos_crudos\BOL201107B PLANTILLA web 2.xls,2011-07,patrimonio,duplicado_balance_resuelto,Se encontraron 2 coincidencias; se usó la fila con más valores.,BAL SAB II,C1081,"[('C1081', 25, 25), ('C650', 25, 25)]"
00_datos_crudos\BOL201107B PLANTILLA web 2.xls,2011-07,morosidad,fallback_nombre_usado,No se encontró una fila útil por código; se usó búsqueda textual por nombre/variantes.,INDIC,C24,"[('C24', 25, 25)]"
00_datos_crudos\BOL201107B PLANTILLA web 2.xls,2011-07,solvencia_proxy,duplicado_codigo_resuelto,Se encontraron 2 coincidencias por código IF112; se usó la fila con más valores.,INDIC,B82,"[('B82', 25, 25), ('B81', 25, 25)]"
00_datos_crudos\BOL201107B PLANTILLA web 2.xls,2011-07,roe,duplicado_codigo_resuelto,Se encontraron 2 coincidencias por código; se usó la fila con más valores.,INDIC,B40,"[('B40', 25, 25), ('B39', 25, 25)]"
00_datos_crudos\BOL201110B PLANTILLA FINAL WEB 2.xls,2011-10,patrimonio,duplicado_balance_resuelto,Se encontraron 2 coincidencias; se usó la fila con más valores.,BAL,C1108,"[('C1108', 26, 26), ('C651', 26, 26)]"
00_datos_crudos\BOL201110B PLANTILLA FINAL WEB 2.xls,2011-10,morosidad,fallback_nombre_usado,No se encontró una fila útil por código; se usó búsqueda textual por nombre/variantes.,INDIC,C24,"[('C24', 26, 26)]"
00_datos_crudos\BOL201201B PLANTILLA web 2.xls,2012-01,patrimonio,duplicado_balance_resuelto,Se encontraron 2 coincidencias; se usó la fila con más valores.,BAL,C1108,"[('C1108', 26, 26), ('C651', 26, 26)]"
00_datos_crudos\BOL201201B PLANTILLA web 2.xls,2012-01,morosidad,fallback_nombre_usado,No se encontró una fila útil por código; se usó búsqueda textual por nombre/variantes.,INDIC,C24,"[('C24', 26, 26)]"
00_datos_crudos\BOL201206 PLANTILLA web .xls,2012-06,patrimonio,duplicado_balance_resuelto,Se encontraron 2 coincidencias; se usó la fila con más valores.,BAL,C1108,"[('C1108', 26, 26), ('C651', 26, 26)]"
00_datos_crudos\BOL201206 PLANTILLA web .xls,2012-06,morosidad,fallback_nombre_usado,No se encontró una fila útil por código; se usó búsqueda textual por nombre/variantes.,INDIC,C24,"[('C24', 26, 26)]"
00_datos_crudos\BOL_BANCOS PRIVADOS_ABRIL_2012.xls,2012-04,morosidad,fallback_nombre_usado,No se encontró una fila útil por código; se usó búsqueda textual por nombre/variantes.,INDIC,C24,"[('C24', 26, 26)]"
00_datos_crudos\BOL201207 PLANTILLA web 3 .xls,2012-07,patrimonio,duplicado_balance_resuelto,Se encontraron 2 coincidencias; se usó la fila con más valores.,BAL,C1108,"[('C1108', 26, 26), ('C651', 26, 26)]"
00_datos_crudos\BOL201207 PLANTILLA web 3 .xls,2012-07,morosidad,fallback_nombre_usado,No se encontró una fila útil por código; se usó búsqueda textual por nombre/variantes.,INDIC,C24,"[('C24', 26, 26)]"
00_datos_crudos\BOL_BANCOS PRIVADOS_DIC_2011_Actualizada.xls,2011-12,morosidad,fallback_nombre_usado,No se encontró una fila útil por código; se usó búsqueda textual por nombre/variantes.,INDIC,C24,"[('C24', 26, 26)]"
00_datos_crudos\BOL_BANCOS PRIVADOS_NOV_2011_Actualizada.xls,2011-11,morosidad,fallback_nombre_usado,No se encontró una fila útil por código; se usó búsqueda textual por nombre/variantes.,INDIC,C24,"[('C24', 26, 26)]"
00_datos_crudos\BOL_FIN_BCOS_ABR_09.xls,2009-04,patrimonio,duplicado_balance_resuelto,Se encontraron 2 coincidencias; se usó la fila con más valores.,BAL SAB II,C1221,"[('C1221', 25, 25), ('C649', 25, 25)]"
00_datos_crudos\BOL_FIN_BCOS_ABR_09.xls,2009-04,morosidad,fallback_nombre_usado,No se encontró una fila útil por código; se usó búsqueda textual por nombre/variantes.,INDIC (2),C24,"[('C24', 25, 25)]"
00_datos_crudos\BOL_FIN_BCOS_ABR_09.xls,2009-04,solvencia_proxy,duplicado_codigo_resuelto,Se encontraron 2 coincidencias por código IF112; se usó la fila con más valores.,INDIC (2),B82,"[('B82', 25, 25), ('B81', 25, 25)]"
00_datos_crudos\BOL_FIN_BCOS_ABR_09.xls,2009-04,roe,duplicado_codigo_resuelto,Se encontraron 2 coincidencias por código; se usó la fila con más valores.,INDIC (2),B40,"[('B40', 25, 25), ('B39', 25, 25)]"
00_datos_crudos\BOL_FIN_BCOS_ABR_10 A.xls,2010-04,patrimonio,duplicado_balance_resuelto,Se encontraron 2 coincidencias; se usó la fila con más valores.,BAL SAB II,C1224,"[('C1224', 25, 25), ('C650', 25, 25)]"
00_datos_crudos\BOL_FIN_BCOS_ABR_10 A.xls,2010-04,morosidad,fallback_nombre_usado,No se encontró una fila útil por código; se usó búsqueda textual por nombre/variantes.,INDIC,C24,"[('C24', 25, 25)]"
00_datos_crudos\BOL_FIN_BCOS_ABR_10 A.xls,2010-04,solvencia_proxy,duplicado_codigo_resuelto,Se encontraron 2 coincidencias por código IF112; se usó la fila con más valores.,INDIC,B82,"[('B82', 25, 25), ('B81', 25, 25)]"
00_datos_crudos\BOL_FIN_BCOS_ABR_10 A.xls,2010-04,roe,duplicado_codigo_resuelto,Se encontraron 2 coincidencias por código; se usó la fila con más valores.,INDIC,B40,"[('B40', 25, 25), ('B39', 25, 25)]"
00_datos_crudos\BOL_FIN_BCOS_AGO_09 A.xls,2009-08,patrimonio,duplicado_balance_resuelto,Se encontraron 2 coincidencias; se usó la fila con más valores.,BAL SAB II,C1224,"[('C1224', 25, 25), ('C650', 25, 25)]"
00_datos_crudos\BOL_FIN_BCOS_AGO_09 A.xls,2009-08,morosidad,fallback_nombre_usado,No se encontró una fila útil por código; se usó búsqueda textual por nombre/variantes.,INDIC,C24,"[('C24', 25, 25)]"
00_datos_crudos\BOL_FIN_BCOS_AGO_09 A.xls,2009-08,solvencia_proxy,duplicado_codigo_resuelto,Se encontraron 2 coincidencias por código IF112; se usó la fila con más valores.,INDIC,B82,"[('B82', 25, 25), ('B81', 25, 25)]"
00_datos_crudos\BOL_FIN_BCOS_AGO_09 A.xls,2009-08,roe,duplicado_codigo_resuelto,Se encontraron 2 coincidencias por código; se usó la fila con más valores.,INDIC,B40,"[('B40', 25, 25), ('B39', 25, 25)]"
00_datos_crudos\BOL_FIN_BCOS_AGO_10.xls,2010-08,patrimonio,duplicado_balance_resuelto,Se encontraron 2 coincidencias; se usó la fila con más valores.,BAL SAB II,C1225,"[('C1225', 25, 25), ('C650', 25, 25)]"
00_datos_crudos\BOL_FIN_BCOS_AGO_10.xls,2010-08,morosidad,fallback_nombre_usado,No se encontró una fila útil por código; se usó búsqueda textual por nombre/variantes.,INDIC,C24,"[('C24', 25, 25)]"
00_datos_crudos\BOL_FIN_BCOS_AGO_10.xls,2010-08,solvencia_proxy,duplicado_codigo_resuelto,Se encontraron 2 coincidencias por código IF112; se usó la fila con más valores.,INDIC,B82,"[('B82', 25, 25), ('B81', 25, 25)]"
00_datos_crudos\BOL_FIN_BCOS_AGO_10.xls,2010-08,roe,duplicado_codigo_resuelto,Se encontraron 2 coincidencias por código; se usó la fila con más valores.,INDIC,B40,"[('B40', 25, 25), ('B39', 25, 25)]"
00_datos_crudos\BOL_FIN_BCOS_AGO_11.xls,2011-08,patrimonio,duplicado_balance_resuelto,Se encontraron 2 coincidencias; se usó la fila con más valores.,BAL SAB II,C1225,"[('C1225', 25, 25), ('C650', 25, 25)]"
00_datos_crudos\BOL_FIN_BCOS_AGO_11.xls,2011-08,morosidad,fallback_nombre_usado,No se encontró una fila útil por código; se usó búsqueda textual por nombre/variantes.,INDIC,C24,"[('C24', 25, 25)]"
00_datos_crudos\BOL_FIN_BCOS_AGO_11.xls,2011-08,solvencia_proxy,duplicado_codigo_resuelto,Se encontraron 2 coincidencias por código IF112; se usó la fila con más valores.,INDIC,B82,"[('B82', 25, 25), ('B81', 25, 25)]"
00_datos_crudos\BOL_FIN_BCOS_AGO_11.xls,2011-08,roe,duplicado_codigo_resuelto,Se encontraron 2 coincidencias por código; se usó la fila con más valores.,INDIC,B40,"[('B40', 25, 25), ('B39', 25, 25)]"
00_datos_crudos\BOL_FIN_BCOS_DIC_09 AAA.xls,2009-12,patrimonio,duplicado_balance_resuelto,Se encontraron 2 coincidencias; se usó la fila con más valores.,BAL SAB II,C1224,"[('C1224', 25, 25), ('C650', 25, 25)]"
00_datos_crudos\BOL_FIN_BCOS_DIC_09 AAA.xls,2009-12,morosidad,fallback_nombre_usado,No se encontró una fila útil por código; se usó búsqueda textual por nombre/variantes.,INDIC,C24,"[('C24', 25, 25)]"
00_datos_crudos\BOL_FIN_BCOS_DIC_09 AAA.xls,2009-12,solvencia_proxy,duplicado_codigo_resuelto,Se encontraron 2 coincidencias por código IF112; se usó la fila con más valores.,INDIC,B82,"[('B82', 25, 25), ('B81', 25, 25)]"
00_datos_crudos\BOL_FIN_BCOS_DIC_09 AAA.xls,2009-12,roe,duplicado_codigo_resuelto,Se encontraron 2 coincidencias por código; se usó la fila con más valores.,INDIC,B40,"[('B40', 25, 25), ('B39', 25, 25)]"
00_datos_crudos\BOL_FIN_BCOS_DIC_10 A.xls,2010-12,patrimonio,duplicado_balance_resuelto,Se encontraron 2 coincidencias; se usó la fila con más valores.,BAL SAB II,C1225,"[('C1225', 25, 25), ('C650', 25, 25)]"
00_datos_crudos\BOL_FIN_BCOS_DIC_10 A.xls,2010-12,morosidad,fallback_nombre_usado,No se encontró una fila útil por código; se usó búsqueda textual por nombre/variantes.,INDIC,C24,"[('C24', 25, 25)]"
00_datos_crudos\BOL_FIN_BCOS_DIC_10 A.xls,2010-12,solvencia_proxy,duplicado_codigo_resuelto,Se encontraron 2 coincidencias por código IF112; se usó la fila con más valores.,INDIC,B82,"[('B82', 25, 25), ('B81', 25, 25)]"
00_datos_crudos\BOL_FIN_BCOS_DIC_10 A.xls,2010-12,roe,duplicado_codigo_resuelto,Se encontraron 2 coincidencias por código; se usó la fila con más valores.,INDIC,B40,"[('B40', 25, 25), ('B39', 25, 25)]"
00_datos_crudos\BOL_FIN_BCOS_ENE_10 AA.xls,2010-01,patrimonio,duplicado_balance_resuelto,Se encontraron 2 coincidencias; se usó la fila con más valores.,BAL SAB II,C1224,"[('C1224', 25, 25), ('C650', 25, 25)]"
00_datos_crudos\BOL_FIN_BCOS_ENE_10 AA.xls,2010-01,morosidad,fallback_nombre_usado,No se encontró una fila útil por código; se usó búsqueda textual por nombre/variantes.,INDIC,C24,"[('C24', 25, 25)]"
00_datos_crudos\BOL_FIN_BCOS_ENE_10 AA.xls,2010-01,solvencia_proxy,duplicado_codigo_resuelto,Se encontraron 2 coincidencias por código IF112; se usó la fila con más valores.,INDIC,B82,"[('B82', 25, 25), ('B81', 25, 25)]"
00_datos_crudos\BOL_FIN_BCOS_ENE_10 AA.xls,2010-01,roe,duplicado_codigo_resuelto,Se encontraron 2 coincidencias por código; se usó la fila con más valores.,INDIC,B40,"[('B40', 25, 25), ('B39', 25, 25)]"
00_datos_crudos\BOL_FIN_BCOS_ENE_11.xls,2011-01,patrimonio,duplicado_balance_resuelto,Se encontraron 2 coincidencias; se usó la fila con más valores.,BAL SAB II,C1138,"[('C1138', 25, 25), ('C650', 25, 25)]"
00_datos_crudos\BOL_FIN_BCOS_ENE_11.xls,2011-01,morosidad,fallback_nombre_usado,No se encontró una fila útil por código; se usó búsqueda textual por nombre/variantes.,INDIC,C24,"[('C24', 25, 25)]"
00_datos_crudos\BOL_FIN_BCOS_ENE_11.xls,2011-01,solvencia_proxy,duplicado_codigo_resuelto,Se encontraron 2 coincidencias por código IF112; se usó la fila con más valores.,INDIC,B82,"[('B82', 25, 25), ('B81', 25, 25)]"
00_datos_crudos\BOL_FIN_BCOS_ENE_11.xls,2011-01,roe,duplicado_codigo_resuelto,Se encontraron 2 coincidencias por código; se usó la fila con más valores.,INDIC,B40,"[('B40', 25, 25), ('B39', 25, 25)]"
00_datos_crudos\BOL_FIN_BCOS_FEB_10 AA.xls,2010-02,patrimonio,duplicado_balance_resuelto,Se encontraron 2 coincidencias; se usó la fila con más valores.,BAL SAB II,C1224,"[('C1224', 25, 25), ('C650', 25, 25)]"
00_datos_crudos\BOL_FIN_BCOS_FEB_10 AA.xls,2010-02,morosidad,fallback_nombre_usado,No se encontró una fila útil por código; se usó búsqueda textual por nombre/variantes.,INDIC,C24,"[('C24', 25, 25)]"
00_datos_crudos\BOL_FIN_BCOS_FEB_10 AA.xls,2010-02,solvencia_proxy,duplicado_codigo_resuelto,Se encontraron 2 coincidencias por código IF112; se usó la fila con más valores.,INDIC,B82,"[('B82', 25, 25), ('B81', 25, 25)]"
00_datos_crudos\BOL_FIN_BCOS_FEB_10 AA.xls,2010-02,roe,duplicado_codigo_resuelto,Se encontraron 2 coincidencias por código; se usó la fila con más valores.,INDIC,B40,"[('B40', 25, 25), ('B39', 25, 25)]"
00_datos_crudos\BOL_FIN_BCOS_FEB_12.xls,2012-02,patrimonio,duplicado_balance_resuelto,Se encontraron 2 coincidencias; se usó la fila con más valores.,BAL,C1108,"[('C1108', 26, 26), ('C651', 26, 26)]"
00_datos_crudos\BOL_FIN_BCOS_FEB_12.xls,2012-02,morosidad,fallback_nombre_usado,No se encontró una fila útil por código; se usó búsqueda textual por nombre/variantes.,INDIC,C24,"[('C24', 26, 26)]"
00_datos_crudos\BOL_FIN_BCOS_JUL_10.xls,2010-07,patrimonio,duplicado_balance_resuelto,Se encontraron 2 coincidencias; se usó la fila con más valores.,BAL SAB II,C1225,"[('C1225', 25, 25), ('C650', 25, 25)]"
00_datos_crudos\BOL_FIN_BCOS_JUL_10.xls,2010-07,morosidad,fallback_nombre_usado,No se encontró una fila útil por código; se usó búsqueda textual por nombre/variantes.,INDIC,C24,"[('C24', 25, 25)]"
00_datos_crudos\BOL_FIN_BCOS_JUL_10.xls,2010-07,solvencia_proxy,duplicado_codigo_resuelto,Se encontraron 2 coincidencias por código IF112; se usó la fila con más valores.,INDIC,B82,"[('B82', 25, 25), ('B81', 25, 25)]"
00_datos_crudos\BOL_FIN_BCOS_JUL_10.xls,2010-07,roe,duplicado_codigo_resuelto,Se encontraron 2 coincidencias por código; se usó la fila con más valores.,INDIC,B40,"[('B40', 25, 25), ('B39', 25, 25)]"
00_datos_crudos\BOL_FIN_BCOS_JUN_09 A.xls,2009-06,patrimonio,duplicado_balance_resuelto,Se encontraron 2 coincidencias; se usó la fila con más valores.,BAL SAB II,C1224,"[('C1224', 25, 25), ('C650', 25, 25)]"
00_datos_crudos\BOL_FIN_BCOS_JUN_09 A.xls,2009-06,morosidad,fallback_nombre_usado,No se encontró una fila útil por código; se usó búsqueda textual por nombre/variantes.,INDIC,C24,"[('C24', 25, 25)]"
00_datos_crudos\BOL_FIN_BCOS_JUN_09 A.xls,2009-06,solvencia_proxy,duplicado_codigo_resuelto,Se encontraron 2 coincidencias por código IF112; se usó la fila con más valores.,INDIC,B82,"[('B82', 25, 25), ('B81', 25, 25)]"
00_datos_crudos\BOL_FIN_BCOS_JUN_09 A.xls,2009-06,roe,duplicado_codigo_resuelto,Se encontraron 2 coincidencias por código; se usó la fila con más valores.,INDIC,B40,"[('B40', 25, 25), ('B39', 25, 25)]"
00_datos_crudos\BOL_FIN_BCOS_JUN_10.xls,2010-06,patrimonio,duplicado_balance_resuelto,Se encontraron 2 coincidencias; se usó la fila con más valores.,BAL SAB II,C1224,"[('C1224', 25, 25), ('C650', 25, 25)]"
00_datos_crudos\BOL_FIN_BCOS_JUN_10.xls,2010-06,morosidad,fallback_nombre_usado,No se encontró una fila útil por código; se usó búsqueda textual por nombre/variantes.,INDIC,C24,"[('C24', 25, 25)]"
00_datos_crudos\BOL_FIN_BCOS_JUN_10.xls,2010-06,solvencia_proxy,duplicado_codigo_resuelto,Se encontraron 2 coincidencias por código IF112; se usó la fila con más valores.,INDIC,B82,"[('B82', 25, 25), ('B81', 25, 25)]"
00_datos_crudos\BOL_FIN_BCOS_JUN_10.xls,2010-06,roe,duplicado_codigo_resuelto,Se encontraron 2 coincidencias por código; se usó la fila con más valores.,INDIC,B40,"[('B40', 25, 25), ('B39', 25, 25)]"
00_datos_crudos\BOL_FIN_BCOS_JUN_11.xls,2011-06,patrimonio,duplicado_balance_resuelto,Se encontraron 2 coincidencias; se usó la fila con más valores.,BAL SAB II,C1225,"[('C1225', 25, 25), ('C650', 25, 25)]"
00_datos_crudos\BOL_FIN_BCOS_JUN_11.xls,2011-06,morosidad,fallback_nombre_usado,No se encontró una fila útil por código; se usó búsqueda textual por nombre/variantes.,INDIC,C24,"[('C24', 25, 25)]"
00_datos_crudos\BOL_FIN_BCOS_JUN_11.xls,2011-06,solvencia_proxy,duplicado_codigo_resuelto,Se encontraron 2 coincidencias por código IF112; se usó la fila con más valores.,INDIC,B82,"[('B82', 25, 25), ('B81', 25, 25)]"
00_datos_crudos\BOL_FIN_BCOS_JUN_11.xls,2011-06,roe,duplicado_codigo_resuelto,Se encontraron 2 coincidencias por código; se usó la fila con más valores.,INDIC,B40,"[('B40', 25, 25), ('B39', 25, 25)]"
00_datos_crudos\BOL_FIN_BCOS_MAR_12.xls,2012-03,patrimonio,duplicado_balance_resuelto,Se encontraron 2 coincidencias; se usó la fila con más valores.,BAL,C1108,"[('C1108', 26, 26), ('C651', 26, 26)]"
00_datos_crudos\BOL_FIN_BCOS_MAR_12.xls,2012-03,morosidad,fallback_nombre_usado,No se encontró una fila útil por código; se usó búsqueda textual por nombre/variantes.,INDIC,C24,"[('C24', 26, 26)]"
00_datos_crudos\BOL_FIN_BCOS_MAR_10 A.xls,2010-03,patrimonio,duplicado_balance_resuelto,Se encontraron 2 coincidencias; se usó la fila con más valores.,BAL SAB II,C1224,"[('C1224', 25, 25), ('C650', 25, 25)]"
00_datos_crudos\BOL_FIN_BCOS_MAR_10 A.xls,2010-03,morosidad,fallback_nombre_usado,No se encontró una fila útil por código; se usó búsqueda textual por nombre/variantes.,INDIC,C24,"[('C24', 25, 25)]"
00_datos_crudos\BOL_FIN_BCOS_MAR_10 A.xls,2010-03,solvencia_proxy,duplicado_codigo_resuelto,Se encontraron 2 coincidencias por código IF112; se usó la fila con más valores.,INDIC,B82,"[('B82', 25, 25), ('B81', 25, 25)]"
00_datos_crudos\BOL_FIN_BCOS_MAR_10 A.xls,2010-03,roe,duplicado_codigo_resuelto,Se encontraron 2 coincidencias por código; se usó la fila con más valores.,INDIC,B40,"[('B40', 25, 25), ('B39', 25, 25)]"
00_datos_crudos\BOL_FIN_BCOS_MAY_09.xls,2009-05,patrimonio,duplicado_balance_resuelto,Se encontraron 2 coincidencias; se usó la fila con más valores.,BAL SAB II,C1221,"[('C1221', 25, 25), ('C649', 25, 25)]"
00_datos_crudos\BOL_FIN_BCOS_MAY_09.xls,2009-05,morosidad,fallback_nombre_usado,No se encontró una fila útil por código; se usó búsqueda textual por nombre/variantes.,INDIC,C24,"[('C24', 25, 25)]"
00_datos_crudos\BOL_FIN_BCOS_MAY_09.xls,2009-05,solvencia_proxy,duplicado_codigo_resuelto,Se encontraron 2 coincidencias por código IF112; se usó la fila con más valores.,INDIC,B82,"[('B82', 25, 25), ('B81', 25, 25)]"
00_datos_crudos\BOL_FIN_BCOS_MAY_09.xls,2009-05,roe,duplicado_codigo_resuelto,Se encontraron 2 coincidencias por código; se usó la fila con más valores.,INDIC,B40,"[('B40', 25, 25), ('B39', 25, 25)]"
00_datos_crudos\BOL_FIN_BCOS_MAY_10.xls,2010-05,patrimonio,duplicado_balance_resuelto,Se encontraron 2 coincidencias; se usó la fila con más valores.,BAL SAB II,C1224,"[('C1224', 25, 25), ('C650', 25, 25)]"
00_datos_crudos\BOL_FIN_BCOS_MAY_10.xls,2010-05,morosidad,fallback_nombre_usado,No se encontró una fila útil por código; se usó búsqueda textual por nombre/variantes.,INDIC,C24,"[('C24', 25, 25)]"
00_datos_crudos\BOL_FIN_BCOS_MAY_10.xls,2010-05,solvencia_proxy,duplicado_codigo_resuelto,Se encontraron 2 coincidencias por código IF112; se usó la fila con más valores.,INDIC,B82,"[('B82', 25, 25), ('B81', 25, 25)]"
00_datos_crudos\BOL_FIN_BCOS_MAY_10.xls,2010-05,roe,duplicado_codigo_resuelto,Se encontraron 2 coincidencias por código; se usó la fila con más valores.,INDIC,B40,"[('B40', 25, 25), ('B39', 25, 25)]"
00_datos_crudos\BOL_FIN_BCOS_MAY_12.xls,2012-05,patrimonio,duplicado_balance_resuelto,Se encontraron 2 coincidencias; se usó la fila con más valores.,BAL,C1108,"[('C1108', 26, 26), ('C651', 26, 26)]"
00_datos_crudos\BOL_FIN_BCOS_MAY_12.xls,2012-05,morosidad,fallback_nombre_usado,No se encontró una fila útil por código; se usó búsqueda textual por nombre/variantes.,INDIC,C24,"[('C24', 26, 26)]"
00_datos_crudos\BOL_FIN_BCOS_NOV_09 AA.xls,2009-11,patrimonio,duplicado_balance_resuelto,Se encontraron 2 coincidencias; se usó la fila con más valores.,BAL SAB II,C1224,"[('C1224', 25, 25), ('C650', 25, 25)]"
00_datos_crudos\BOL_FIN_BCOS_NOV_09 AA.xls,2009-11,morosidad,fallback_nombre_usado,No se encontró una fila útil por código; se usó búsqueda textual por nombre/variantes.,INDIC,C24,"[('C24', 25, 25)]"
00_datos_crudos\BOL_FIN_BCOS_NOV_09 AA.xls,2009-11,solvencia_proxy,duplicado_codigo_resuelto,Se encontraron 2 coincidencias por código IF112; se usó la fila con más valores.,INDIC,B82,"[('B82', 25, 25), ('B81', 25, 25)]"
00_datos_crudos\BOL_FIN_BCOS_NOV_09 AA.xls,2009-11,roe,duplicado_codigo_resuelto,Se encontraron 2 coincidencias por código; se usó la fila con más valores.,INDIC,B40,"[('B40', 25, 25), ('B39', 25, 25)]"
00_datos_crudos\BOL_FIN_BCOS_NOV_10.xls,2010-11,patrimonio,duplicado_balance_resuelto,Se encontraron 2 coincidencias; se usó la fila con más valores.,BAL SAB II,C1225,"[('C1225', 25, 25), ('C650', 25, 25)]"
00_datos_crudos\BOL_FIN_BCOS_NOV_10.xls,2010-11,morosidad,fallback_nombre_usado,No se encontró una fila útil por código; se usó búsqueda textual por nombre/variantes.,INDIC,C24,"[('C24', 25, 25)]"
00_datos_crudos\BOL_FIN_BCOS_NOV_10.xls,2010-11,solvencia_proxy,duplicado_codigo_resuelto,Se encontraron 2 coincidencias por código IF112; se usó la fila con más valores.,INDIC,B82,"[('B82', 25, 25), ('B81', 25, 25)]"
00_datos_crudos\BOL_FIN_BCOS_NOV_10.xls,2010-11,roe,duplicado_codigo_resuelto,Se encontraron 2 coincidencias por código; se usó la fila con más valores.,INDIC,B40,"[('B40', 25, 25), ('B39', 25, 25)]"
00_datos_crudos\BOL_FIN_BCOS_OCT_10.xls,2010-10,patrimonio,duplicado_balance_resuelto,Se encontraron 2 coincidencias; se usó la fila con más valores.,BAL SAB II,C1225,"[('C1225', 25, 25), ('C650', 25, 25)]"
00_datos_crudos\BOL_FIN_BCOS_OCT_10.xls,2010-10,morosidad,fallback_nombre_usado,No se encontró una fila útil por código; se usó búsqueda textual por nombre/variantes.,INDIC,C24,"[('C24', 25, 25)]"
00_datos_crudos\BOL_FIN_BCOS_OCT_10.xls,2010-10,solvencia_proxy,duplicado_codigo_resuelto,Se encontraron 2 coincidencias por código IF112; se usó la fila con más valores.,INDIC,B82,"[('B82', 25, 25), ('B81', 25, 25)]"
00_datos_crudos\BOL_FIN_BCOS_OCT_10.xls,2010-10,roe,duplicado_codigo_resuelto,Se encontraron 2 coincidencias por código; se usó la fila con más valores.,INDIC,B40,"[('B40', 25, 25), ('B39', 25, 25)]"
00_datos_crudos\BOL_FIN_BCOS_SEP_09 A.xls,2009-09,patrimonio,duplicado_balance_resuelto,Se encontraron 2 coincidencias; se usó la fila con más valores.,BAL SAB II,C1224,"[('C1224', 25, 25), ('C650', 25, 25)]"
00_datos_crudos\BOL_FIN_BCOS_SEP_09 A.xls,2009-09,morosidad,fallback_nombre_usado,No se encontró una fila útil por código; se usó búsqueda textual por nombre/variantes.,INDIC,C24,"[('C24', 25, 25)]"
00_datos_crudos\BOL_FIN_BCOS_SEP_09 A.xls,2009-09,solvencia_proxy,duplicado_codigo_resuelto,Se encontraron 2 coincidencias por código IF112; se usó la fila con más valores.,INDIC,B82,"[('B82', 25, 25), ('B81', 25, 25)]"
00_datos_crudos\BOL_FIN_BCOS_SEP_09 A.xls,2009-09,roe,duplicado_codigo_resuelto,Se encontraron 2 coincidencias por código; se usó la fila con más valores.,INDIC,B40,"[('B40', 25, 25), ('B39', 25, 25)]"
00_datos_crudos\BOL_FIN_BCOS_SEPT_10.xls,2010-09,patrimonio,duplicado_balance_resuelto,Se encontraron 2 coincidencias; se usó la fila con más valores.,BAL SAB II,C1225,"[('C1225', 25, 25), ('C650', 25, 25)]"
00_datos_crudos\BOL_FIN_BCOS_SEPT_10.xls,2010-09,morosidad,fallback_nombre_usado,No se encontró una fila útil por código; se usó búsqueda textual por nombre/variantes.,INDIC,C24,"[('C24', 25, 25)]"
00_datos_crudos\BOL_FIN_BCOS_SEPT_10.xls,2010-09,solvencia_proxy,duplicado_codigo_resuelto,Se encontraron 2 coincidencias por código IF112; se usó la fila con más valores.,INDIC,B82,"[('B82', 25, 25), ('B81', 25, 25)]"
00_datos_crudos\BOL_FIN_BCOS_SEPT_10.xls,2010-09,roe,duplicado_codigo_resuelto,Se encontraron 2 coincidencias por código; se usó la fila con más valores.,INDIC,B40,"[('B40', 25, 25), ('B39', 25, 25)]"
00_datos_crudos\BOL_FIN_BCOS_SEPT_11.xls,2011-09,patrimonio,duplicado_balance_resuelto,Se encontraron 2 coincidencias; se usó la fila con más valores.,BAL SAB II,C1225,"[('C1225', 26, 26), ('C650', 26, 26)]"
00_datos_crudos\BOL_FIN_BCOS_SEPT_11.xls,2011-09,morosidad,fallback_nombre_usado,No se encontró una fila útil por código; se usó búsqueda textual por nombre/variantes.,INDIC,C24,"[('C24', 26, 26)]"
00_datos_crudos\BOL_FIN_BCOS_SEPT_11.xls,2011-09,solvencia_proxy,duplicado_codigo_resuelto,Se encontraron 2 coincidencias por código IF112; se usó la fila con más valores.,INDIC,B82,"[('B82', 26, 26), ('B81', 26, 26)]"
00_datos_crudos\BOL_FIN_BCOS_SEPT_11.xls,2011-09,roe,duplicado_codigo_resuelto,Se encontraron 2 coincidencias por código; se usó la fila con más valores.,INDIC,B40,"[('B40', 26, 26), ('B39', 26, 26)]"
00_datos_crudos\BOL_FIN_OCT_09.xls,2009-10,patrimonio,duplicado_balance_resuelto,Se encontraron 2 coincidencias; se usó la fila con más valores.,BAL SAB II,C1224,"[('C1224', 25, 25), ('C650', 25, 25)]"
00_datos_crudos\BOL_FIN_OCT_09.xls,2009-10,morosidad,fallback_nombre_usado,No se encontró una fila útil por código; se usó búsqueda textual por nombre/variantes.,INDIC,C24,"[('C24', 25, 25)]"
00_datos_crudos\BOL_FIN_OCT_09.xls,2009-10,solvencia_proxy,duplicado_codigo_resuelto,Se encontraron 2 coincidencias por código IF112; se usó la fila con más valores.,INDIC,B82,"[('B82', 25, 25), ('B81', 25, 25)]"
00_datos_crudos\BOL_FIN_OCT_09.xls,2009-10,roe,duplicado_codigo_resuelto,Se encontraron 2 coincidencias por código; se usó la fila con más valores.,INDIC,B40,"[('B40', 25, 25), ('B39', 25, 25)]"
00_datos_crudos\BP_BOL_2008_01 con informaciÓ©én reprocesada 06 ene 10.xls,2009-01,patrimonio,duplicado_balance_resuelto,Se encontraron 2 coincidencias; se usó la fila con más valores.,BAL SAB II,C1221,"[('C1221', 25, 25), ('C649', 25, 25)]"
00_datos_crudos\BP_BOL_2008_01 con informaciÓ©én reprocesada 06 ene 10.xls,2009-01,morosidad,fallback_nombre_usado,No se encontró una fila útil por código; se usó búsqueda textual por nombre/variantes.,INDIC,C24,"[('C24', 25, 25)]"
00_datos_crudos\BP_BOL_2008_01 con informaciÓ©én reprocesada 06 ene 10.xls,2009-01,solvencia_proxy,duplicado_codigo_resuelto,Se encontraron 2 coincidencias por código IF112; se usó la fila con más valores.,INDIC,B82,"[('B82', 25, 25), ('B81', 25, 25)]"
00_datos_crudos\BP_BOL_2008_01 con informaciÓ©én reprocesada 06 ene 10.xls,2009-01,roe,duplicado_codigo_resuelto,Se encontraron 2 coincidencias por código; se usó la fila con más valores.,INDIC,B40,"[('B40', 25, 25), ('B39', 25, 25)]"
00_datos_crudos\BP_BOL_2009_02 rectificado.xls,2009-02,patrimonio,duplicado_balance_resuelto,Se encontraron 2 coincidencias; se usó la fila con más valores.,BAL SAB II,C1221,"[('C1221', 24, 24), ('C649', 24, 24)]"
00_datos_crudos\BP_BOL_2009_02 rectificado.xls,2009-02,morosidad,fallback_nombre_usado,No se encontró una fila útil por código; se usó búsqueda textual por nombre/variantes.,INDIC,C24,"[('C24', 24, 24)]"
00_datos_crudos\BP_BOL_2009_02 rectificado.xls,2009-02,solvencia_proxy,duplicado_codigo_resuelto,Se encontraron 2 coincidencias por código IF112; se usó la fila con más valores.,INDIC,B82,"[('B82', 24, 24), ('B81', 24, 24)]"
00_datos_crudos\BP_BOL_2009_02 rectificado.xls,2009-02,roe,duplicado_codigo_resuelto,Se encontraron 2 coincidencias por código; se usó la fila con más valores.,INDIC,B40,"[('B40', 24, 24), ('B39', 24, 24)]"
00_datos_crudos\BOLETIN BANCOS NOVIEMBRE 2022.xlsx,2022-11,morosidad,fallback_nombre_usado,No se encontró una fila útil por código; se usó búsqueda textual por nombre/variantes.,INDICADORES,B29,"[('B29', 24, 24)]"
00_datos_crudos\BOLETIN BANCOS NOVIEMBRE 2022.xlsx,2022-11,solvencia_proxy,fallback_nombre_usado,No se encontró una fila útil por IF112; se usó el nombre del Índice de Capitalización Neto FK/FI.,INDICADORES,B88,"[('B88', 24, 24)]"
00_datos_crudos\BOLETIN BANCOS NOVIEMBRE 2022.xlsx,2022-11,roe,fallback_nombre_usado,No se encontró una fila útil por código; se usó búsqueda textual por nombre/variantes.,INDICADORES,B53,"[('B53', 24, 24), ('B47', 0, 0)]"
00_datos_crudos\BOLETIN BANCOS NOVIEMBRE 2022.xlsx,2022-11,roe,duplicado_nombre_resuelto,Se encontraron 2 coincidencias por nombre; se usó la fila con más valores.,INDICADORES,B53,"[('B53', 24, 24), ('B47', 0, 0)]"
00_datos_crudos\FINANCIERO MENSUAL BANCA PRIVADA 2022_05_rev.xlsx,2022-05,morosidad,fallback_nombre_usado,No se encontró una fila útil por código; se usó búsqueda textual por nombre/variantes.,INDICADORES,B29,"[('B29', 24, 24)]"
00_datos_crudos\FINANCIERO MENSUAL BANCA PRIVADA 2022_05_rev.xlsx,2022-05,solvencia_proxy,fallback_nombre_usado,No se encontró una fila útil por IF112; se usó el nombre del Índice de Capitalización Neto FK/FI.,INDICADORES,B88,"[('B88', 24, 24)]"
00_datos_crudos\FINANCIERO MENSUAL BANCA PRIVADA 2022_05_rev.xlsx,2022-05,roe,fallback_nombre_usado,No se encontró una fila útil por código; se usó búsqueda textual por nombre/variantes.,INDICADORES,B53,"[('B53', 24, 24), ('B47', 0, 0)]"
00_datos_crudos\FINANCIERO MENSUAL BANCA PRIVADA 2022_05_rev.xlsx,2022-05,roe,duplicado_nombre_resuelto,Se encontraron 2 coincidencias por nombre; se usó la fila con más valores.,INDICADORES,B53,"[('B53', 24, 24), ('B47', 0, 0)]"
00_datos_crudos\FINANCIERO MENSUAL BANCA PRIVADA 2022_06.xlsx,2022-06,morosidad,fallback_nombre_usado,No se encontró una fila útil por código; se usó búsqueda textual por nombre/variantes.,INDICADORES,B29,"[('B29', 24, 24)]"
00_datos_crudos\FINANCIERO MENSUAL BANCA PRIVADA 2022_06.xlsx,2022-06,solvencia_proxy,fallback_nombre_usado,No se encontró una fila útil por IF112; se usó el nombre del Índice de Capitalización Neto FK/FI.,INDICADORES,B88,"[('B88', 24, 24)]"
00_datos_crudos\FINANCIERO MENSUAL BANCA PRIVADA 2022_06.xlsx,2022-06,roe,fallback_nombre_usado,No se encontró una fila útil por código; se usó búsqueda textual por nombre/variantes.,INDICADORES,B53,"[('B53', 24, 24), ('B47', 0, 0)]"
00_datos_crudos\FINANCIERO MENSUAL BANCA PRIVADA 2022_06.xlsx,2022-06,roe,duplicado_nombre_resuelto,Se encontraron 2 coincidencias por nombre; se usó la fila con más valores.,INDICADORES,B53,"[('B53', 24, 24), ('B47', 0, 0)]"
00_datos_crudos\FINANCIERO MENSUAL BANCA PRIVADA 2022_04.xlsx,2022-04,morosidad,fallback_nombre_usado,No se encontró una fila útil por código; se usó búsqueda textual por nombre/variantes.,INDICADORES,B29,"[('B29', 24, 24)]"
00_datos_crudos\FINANCIERO MENSUAL BANCA PRIVADA 2022_04.xlsx,2022-04,solvencia_proxy,fallback_nombre_usado,No se encontró una fila útil por IF112; se usó el nombre del Índice de Capitalización Neto FK/FI.,INDICADORES,B88,"[('B88', 24, 24)]"
00_datos_crudos\FINANCIERO MENSUAL BANCA PRIVADA 2022_04.xlsx,2022-04,roe,fallback_nombre_usado,No se encontró una fila útil por código; se usó búsqueda textual por nombre/variantes.,INDICADORES,B53,"[('B53', 24, 24), ('B47', 0, 0)]"
00_datos_crudos\FINANCIERO MENSUAL BANCA PRIVADA 2022_04.xlsx,2022-04,roe,duplicado_nombre_resuelto,Se encontraron 2 coincidencias por nombre; se usó la fila con más valores.,INDICADORES,B53,"[('B53', 24, 24), ('B47', 0, 0)]"
00_datos_crudos\FINANCIERO MENSUAL BANCA PRIVADA 2022_07.xlsx,2022-07,morosidad,fallback_nombre_usado,No se encontró una fila útil por código; se usó búsqueda textual por nombre/variantes.,INDICADORES,B29,"[('B29', 24, 24)]"
00_datos_crudos\FINANCIERO MENSUAL BANCA PRIVADA 2022_07.xlsx,2022-07,solvencia_proxy,fallback_nombre_usado,No se encontró una fila útil por IF112; se usó el nombre del Índice de Capitalización Neto FK/FI.,INDICADORES,B88,"[('B88', 24, 24)]"
00_datos_crudos\FINANCIERO MENSUAL BANCA PRIVADA 2022_07.xlsx,2022-07,roe,fallback_nombre_usado,No se encontró una fila útil por código; se usó búsqueda textual por nombre/variantes.,INDICADORES,B53,"[('B53', 24, 24), ('B47', 0, 0)]"
00_datos_crudos\FINANCIERO MENSUAL BANCA PRIVADA 2022_07.xlsx,2022-07,roe,duplicado_nombre_resuelto,Se encontraron 2 coincidencias por nombre; se usó la fila con más valores.,INDICADORES,B53,"[('B53', 24, 24), ('B47', 0, 0)]"
00_datos_crudos\FINANCIERO MENSUAL BANCA PRIVADA 2022_02.xlsx,2022-02,morosidad,fallback_nombre_usado,No se encontró una fila útil por código; se usó búsqueda textual por nombre/variantes.,INDICADORES,B29,"[('B29', 24, 24)]"
00_datos_crudos\FINANCIERO MENSUAL BANCA PRIVADA 2022_02.xlsx,2022-02,solvencia_proxy,componente_fk_no_encontrado,No se encontró una fila útil para el componente fk.,INDICADORES,,[]
00_datos_crudos\FINANCIERO MENSUAL BANCA PRIVADA 2022_02.xlsx,2022-02,solvencia_proxy,fallback_fi_nombre_usado,No se encontró una fila útil por código para fi; se usó búsqueda textual por nombre/variantes.,INDICADORES,,"[('B87', 24, 24)]"
00_datos_crudos\FINANCIERO MENSUAL BANCA PRIVADA 2022_02.xlsx,2022-02,solvencia_proxy,solvencia_proxy_no_encontrada,No se encontró IF112 ni nombre directo útil. Tampoco fue posible calcular con FK/FI porque falta uno o ambos componentes.,INDICADORES,,[]
00_datos_crudos\FINANCIERO MENSUAL BANCA PRIVADA 2022_02.xlsx,2022-02,roe,fallback_nombre_usado,No se encontró una fila útil por código; se usó búsqueda textual por nombre/variantes.,INDICADORES,B53,"[('B53', 24, 24), ('B47', 0, 0)]"
00_datos_crudos\FINANCIERO MENSUAL BANCA PRIVADA 2022_02.xlsx,2022-02,roe,duplicado_nombre_resuelto,Se encontraron 2 coincidencias por nombre; se usó la fila con más valores.,INDICADORES,B53,"[('B53', 24, 24), ('B47', 0, 0)]"
00_datos_crudos\FINANCIERO MENSUAL BANCA PRIVADA 2022_02.xlsx,2022-02,solvencia_proxy,indicador_financiero_no_encontrado_final,No se encontró por código ni por nombre/variantes en las hojas revisadas.,INDICADORES,,
00_datos_crudos\FINANCIERO MENSUAL BANCA PRIVADA 2022_08.xlsx,2022-08,morosidad,fallback_nombre_usado,No se encontró una fila útil por código; se usó búsqueda textual por nombre/variantes.,INDICADORES,B29,"[('B29', 24, 24)]"
00_datos_crudos\FINANCIERO MENSUAL BANCA PRIVADA 2022_08.xlsx,2022-08,solvencia_proxy,fallback_nombre_usado,No se encontró una fila útil por IF112; se usó el nombre del Índice de Capitalización Neto FK/FI.,INDICADORES,B88,"[('B88', 24, 24)]"
00_datos_crudos\FINANCIERO MENSUAL BANCA PRIVADA 2022_08.xlsx,2022-08,roe,fallback_nombre_usado,No se encontró una fila útil por código; se usó búsqueda textual por nombre/variantes.,INDICADORES,B53,"[('B53', 24, 24), ('B47', 0, 0)]"
00_datos_crudos\FINANCIERO MENSUAL BANCA PRIVADA 2022_08.xlsx,2022-08,roe,duplicado_nombre_resuelto,Se encontraron 2 coincidencias por nombre; se usó la fila con más valores.,INDICADORES,B53,"[('B53', 24, 24), ('B47', 0, 0)]"
00_datos_crudos\FINANCIERO MENSUAL BANCA PRIVADA 2022_09.xlsx,2022-09,morosidad,fallback_nombre_usado,No se encontró una fila útil por código; se usó búsqueda textual por nombre/variantes.,INDICADORES,B29,"[('B29', 24, 24)]"
00_datos_crudos\FINANCIERO MENSUAL BANCA PRIVADA 2022_09.xlsx,2022-09,solvencia_proxy,fallback_nombre_usado,No se encontró una fila útil por IF112; se usó el nombre del Índice de Capitalización Neto FK/FI.,INDICADORES,B88,"[('B88', 24, 24)]"
00_datos_crudos\FINANCIERO MENSUAL BANCA PRIVADA 2022_09.xlsx,2022-09,roe,fallback_nombre_usado,No se encontró una fila útil por código; se usó búsqueda textual por nombre/variantes.,INDICADORES,B53,"[('B53', 24, 24), ('B47', 0, 0)]"
00_datos_crudos\FINANCIERO MENSUAL BANCA PRIVADA 2022_09.xlsx,2022-09,roe,duplicado_nombre_resuelto,Se encontraron 2 coincidencias por nombre; se usó la fila con más valores.,INDICADORES,B53,"[('B53', 24, 24), ('B47', 0, 0)]"
00_datos_crudos\FINANCIERO MENSUAL BANCA PRIVADA 2023_01.xlsx,2023-01,morosidad,fallback_nombre_usado,No se encontró una fila útil por código; se usó búsqueda textual por nombre/variantes.,INDICADORES,B29,"[('B29', 24, 24)]"
00_datos_crudos\FINANCIERO MENSUAL BANCA PRIVADA 2023_01.xlsx,2023-01,solvencia_proxy,fallback_nombre_usado,No se encontró una fila útil por IF112; se usó el nombre del Índice de Capitalización Neto FK/FI.,INDICADORES,B88,"[('B88', 24, 24)]"
00_datos_crudos\FINANCIERO MENSUAL BANCA PRIVADA 2023_01.xlsx,2023-01,roe,fallback_nombre_usado,No se encontró una fila útil por código; se usó búsqueda textual por nombre/variantes.,INDICADORES,B53,"[('B53', 24, 24), ('B47', 0, 0)]"
00_datos_crudos\FINANCIERO MENSUAL BANCA PRIVADA 2023_01.xlsx,2023-01,roe,duplicado_nombre_resuelto,Se encontraron 2 coincidencias por nombre; se usó la fila con más valores.,INDICADORES,B53,"[('B53', 24, 24), ('B47', 0, 0)]"
00_datos_crudos\FINANCIERO MENSUAL BANCA PRIVADA 2022_10.xlsx,2022-10,morosidad,fallback_nombre_usado,No se encontró una fila útil por código; se usó búsqueda textual por nombre/variantes.,INDICADORES,B29,"[('B29', 24, 24)]"
00_datos_crudos\FINANCIERO MENSUAL BANCA PRIVADA 2022_10.xlsx,2022-10,solvencia_proxy,fallback_nombre_usado,No se encontró una fila útil por IF112; se usó el nombre del Índice de Capitalización Neto FK/FI.,INDICADORES,B88,"[('B88', 24, 24)]"
00_datos_crudos\FINANCIERO MENSUAL BANCA PRIVADA 2022_10.xlsx,2022-10,roe,fallback_nombre_usado,No se encontró una fila útil por código; se usó búsqueda textual por nombre/variantes.,INDICADORES,B53,"[('B53', 24, 24), ('B47', 0, 0)]"
00_datos_crudos\FINANCIERO MENSUAL BANCA PRIVADA 2022_10.xlsx,2022-10,roe,duplicado_nombre_resuelto,Se encontraron 2 coincidencias por nombre; se usó la fila con más valores.,INDICADORES,B53,"[('B53', 24, 24), ('B47', 0, 0)]"
00_datos_crudos\FINANCIERO MENSUAL BANCA PRIVADA 2022_12.xlsx,2022-12,morosidad,fallback_nombre_usado,No se encontró una fila útil por código; se usó búsqueda textual por nombre/variantes.,INDICADORES,B29,"[('B29', 24, 24)]"
00_datos_crudos\FINANCIERO MENSUAL BANCA PRIVADA 2022_12.xlsx,2022-12,solvencia_proxy,fallback_nombre_usado,No se encontró una fila útil por IF112; se usó el nombre del Índice de Capitalización Neto FK/FI.,INDICADORES,B88,"[('B88', 24, 24)]"
00_datos_crudos\FINANCIERO MENSUAL BANCA PRIVADA 2022_12.xlsx,2022-12,roe,fallback_nombre_usado,No se encontró una fila útil por código; se usó búsqueda textual por nombre/variantes.,INDICADORES,B53,"[('B53', 24, 24), ('B47', 0, 0)]"
00_datos_crudos\FINANCIERO MENSUAL BANCA PRIVADA 2022_12.xlsx,2022-12,roe,duplicado_nombre_resuelto,Se encontraron 2 coincidencias por nombre; se usó la fila con más valores.,INDICADORES,B53,"[('B53', 24, 24), ('B47', 0, 0)]"
00_datos_crudos\FINANCIERO MENSUAL BANCA PRIVADA 2023_02.xlsx,2023-02,morosidad,fallback_nombre_usado,No se encontró una fila útil por código; se usó búsqueda textual por nombre/variantes.,INDICADORES,B29,"[('B29', 24, 24)]"
00_datos_crudos\FINANCIERO MENSUAL BANCA PRIVADA 2023_02.xlsx,2023-02,solvencia_proxy,fallback_nombre_usado,No se encontró una fila útil por IF112; se usó el nombre del Índice de Capitalización Neto FK/FI.,INDICADORES,B88,"[('B88', 24, 24)]"
00_datos_crudos\FINANCIERO MENSUAL BANCA PRIVADA 2023_02.xlsx,2023-02,roe,fallback_nombre_usado,No se encontró una fila útil por código; se usó búsqueda textual por nombre/variantes.,INDICADORES,B53,"[('B53', 24, 24), ('B47', 0, 0)]"
00_datos_crudos\FINANCIERO MENSUAL BANCA PRIVADA 2023_02.xlsx,2023-02,roe,duplicado_nombre_resuelto,Se encontraron 2 coincidencias por nombre; se usó la fila con más valores.,INDICADORES,B53,"[('B53', 24, 24), ('B47', 0, 0)]"
00_datos_crudos\FINANCIERO MENSUAL BANCA PRIVADA 2023_03.xlsx,2023-03,morosidad,fallback_nombre_usado,No se encontró una fila útil por código; se usó búsqueda textual por nombre/variantes.,INDICADORES,B29,"[('B29', 24, 24)]"
00_datos_crudos\FINANCIERO MENSUAL BANCA PRIVADA 2023_03.xlsx,2023-03,solvencia_proxy,fallback_nombre_usado,No se encontró una fila útil por IF112; se usó el nombre del Índice de Capitalización Neto FK/FI.,INDICADORES,B88,"[('B88', 24, 24)]"
00_datos_crudos\FINANCIERO MENSUAL BANCA PRIVADA 2023_03.xlsx,2023-03,roe,fallback_nombre_usado,No se encontró una fila útil por código; se usó búsqueda textual por nombre/variantes.,INDICADORES,B53,"[('B53', 24, 24), ('B47', 0, 0)]"
00_datos_crudos\FINANCIERO MENSUAL BANCA PRIVADA 2023_03.xlsx,2023-03,roe,duplicado_nombre_resuelto,Se encontraron 2 coincidencias por nombre; se usó la fila con más valores.,INDICADORES,B53,"[('B53', 24, 24), ('B47', 0, 0)]"
00_datos_crudos\FINANCIERO MENSUAL BANCA PRIVADA 2023_04.xlsx,2023-04,morosidad,fallback_nombre_usado,No se encontró una fila útil por código; se usó búsqueda textual por nombre/variantes.,INDICADORES,B29,"[('B29', 24, 24)]"
00_datos_crudos\FINANCIERO MENSUAL BANCA PRIVADA 2023_04.xlsx,2023-04,solvencia_proxy,fallback_nombre_usado,No se encontró una fila útil por IF112; se usó el nombre del Índice de Capitalización Neto FK/FI.,INDICADORES,B88,"[('B88', 24, 24)]"
00_datos_crudos\FINANCIERO MENSUAL BANCA PRIVADA 2023_04.xlsx,2023-04,roe,fallback_nombre_usado,No se encontró una fila útil por código; se usó búsqueda textual por nombre/variantes.,INDICADORES,B53,"[('B53', 24, 24), ('B47', 0, 0)]"
00_datos_crudos\FINANCIERO MENSUAL BANCA PRIVADA 2023_04.xlsx,2023-04,roe,duplicado_nombre_resuelto,Se encontraron 2 coincidencias por nombre; se usó la fila con más valores.,INDICADORES,B53,"[('B53', 24, 24), ('B47', 0, 0)]"
00_datos_crudos\FINANCIERO MENSUAL BANCA PRIVADA 2023_05.xlsx,2023-05,morosidad,fallback_nombre_usado,No se encontró una fila útil por código; se usó búsqueda textual por nombre/variantes.,INDICADORES,B29,"[('B29', 23, 23)]"
00_datos_crudos\FINANCIERO MENSUAL BANCA PRIVADA 2023_05.xlsx,2023-05,solvencia_proxy,fallback_nombre_usado,No se encontró una fila útil por IF112; se usó el nombre del Índice de Capitalización Neto FK/FI.,INDICADORES,B88,"[('B88', 23, 23)]"
00_datos_crudos\FINANCIERO MENSUAL BANCA PRIVADA 2023_05.xlsx,2023-05,roe,fallback_nombre_usado,No se encontró una fila útil por código; se usó búsqueda textual por nombre/variantes.,INDICADORES,B53,"[('B53', 23, 23), ('B47', 0, 0)]"
00_datos_crudos\FINANCIERO MENSUAL BANCA PRIVADA 2023_05.xlsx,2023-05,roe,duplicado_nombre_resuelto,Se encontraron 2 coincidencias por nombre; se usó la fila con más valores.,INDICADORES,B53,"[('B53', 23, 23), ('B47', 0, 0)]"
00_datos_crudos\FINANCIERO MENSUAL BANCA PRIVADA 2023_06.xlsx,2023-06,morosidad,fallback_nombre_usado,No se encontró una fila útil por código; se usó búsqueda textual por nombre/variantes.,INDICADORES,B29,"[('B29', 23, 23)]"
00_datos_crudos\FINANCIERO MENSUAL BANCA PRIVADA 2023_06.xlsx,2023-06,solvencia_proxy,fallback_nombre_usado,No se encontró una fila útil por IF112; se usó el nombre del Índice de Capitalización Neto FK/FI.,INDICADORES,B88,"[('B88', 23, 23)]"
00_datos_crudos\FINANCIERO MENSUAL BANCA PRIVADA 2023_06.xlsx,2023-06,roe,fallback_nombre_usado,No se encontró una fila útil por código; se usó búsqueda textual por nombre/variantes.,INDICADORES,B53,"[('B53', 23, 23), ('B47', 0, 0)]"
00_datos_crudos\FINANCIERO MENSUAL BANCA PRIVADA 2023_06.xlsx,2023-06,roe,duplicado_nombre_resuelto,Se encontraron 2 coincidencias por nombre; se usó la fila con más valores.,INDICADORES,B53,"[('B53', 23, 23), ('B47', 0, 0)]"
00_datos_crudos\FINANCIERO MENSUAL BANCA PRIVADA 2023_07.xlsx,2023-07,morosidad,fallback_nombre_usado,No se encontró una fila útil por código; se usó búsqueda textual por nombre/variantes.,INDICADORES,B29,"[('B29', 23, 23)]"
00_datos_crudos\FINANCIERO MENSUAL BANCA PRIVADA 2023_07.xlsx,2023-07,solvencia_proxy,fallback_nombre_usado,No se encontró una fila útil por IF112; se usó el nombre del Índice de Capitalización Neto FK/FI.,INDICADORES,B88,"[('B88', 23, 23)]"
00_datos_crudos\FINANCIERO MENSUAL BANCA PRIVADA 2023_07.xlsx,2023-07,roe,fallback_nombre_usado,No se encontró una fila útil por código; se usó búsqueda textual por nombre/variantes.,INDICADORES,B53,"[('B53', 23, 23), ('B47', 0, 0)]"
00_datos_crudos\FINANCIERO MENSUAL BANCA PRIVADA 2023_07.xlsx,2023-07,roe,duplicado_nombre_resuelto,Se encontraron 2 coincidencias por nombre; se usó la fila con más valores.,INDICADORES,B53,"[('B53', 23, 23), ('B47', 0, 0)]"
00_datos_crudos\FINANCIERO MENSUAL BANCA PRIVADA 2023_08.xlsx,2023-08,morosidad,fallback_nombre_usado,No se encontró una fila útil por código; se usó búsqueda textual por nombre/variantes.,INDICADORES,B29,"[('B29', 23, 23)]"
00_datos_crudos\FINANCIERO MENSUAL BANCA PRIVADA 2023_08.xlsx,2023-08,solvencia_proxy,fallback_nombre_usado,No se encontró una fila útil por IF112; se usó el nombre del Índice de Capitalización Neto FK/FI.,INDICADORES,B88,"[('B88', 23, 23)]"
00_datos_crudos\FINANCIERO MENSUAL BANCA PRIVADA 2023_08.xlsx,2023-08,roe,fallback_nombre_usado,No se encontró una fila útil por código; se usó búsqueda textual por nombre/variantes.,INDICADORES,B53,"[('B53', 23, 23), ('B47', 0, 0)]"
00_datos_crudos\FINANCIERO MENSUAL BANCA PRIVADA 2023_08.xlsx,2023-08,roe,duplicado_nombre_resuelto,Se encontraron 2 coincidencias por nombre; se usó la fila con más valores.,INDICADORES,B53,"[('B53', 23, 23), ('B47', 0, 0)]"
00_datos_crudos\FINANCIERO MENSUAL BANCA PRIVADA 2023_09.xlsx,2023-09,morosidad,fallback_nombre_usado,No se encontró una fila útil por código; se usó búsqueda textual por nombre/variantes.,INDICADORES,B29,"[('B29', 23, 23)]"
00_datos_crudos\FINANCIERO MENSUAL BANCA PRIVADA 2023_09.xlsx,2023-09,solvencia_proxy,fallback_nombre_usado,No se encontró una fila útil por IF112; se usó el nombre del Índice de Capitalización Neto FK/FI.,INDICADORES,B88,"[('B88', 23, 23)]"
00_datos_crudos\FINANCIERO MENSUAL BANCA PRIVADA 2023_09.xlsx,2023-09,roe,fallback_nombre_usado,No se encontró una fila útil por código; se usó búsqueda textual por nombre/variantes.,INDICADORES,B53,"[('B53', 23, 23), ('B47', 0, 0)]"
00_datos_crudos\FINANCIERO MENSUAL BANCA PRIVADA 2023_09.xlsx,2023-09,roe,duplicado_nombre_resuelto,Se encontraron 2 coincidencias por nombre; se usó la fila con más valores.,INDICADORES,B53,"[('B53', 23, 23), ('B47', 0, 0)]"
00_datos_crudos\FINANCIERO MENSUAL BANCA PRIVADA 2023_10.xlsx,2023-10,morosidad,fallback_nombre_usado,No se encontró una fila útil por código; se usó búsqueda textual por nombre/variantes.,INDICADORES,B29,"[('B29', 23, 23)]"
00_datos_crudos\FINANCIERO MENSUAL BANCA PRIVADA 2023_10.xlsx,2023-10,solvencia_proxy,fallback_nombre_usado,No se encontró una fila útil por IF112; se usó el nombre del Índice de Capitalización Neto FK/FI.,INDICADORES,B88,"[('B88', 23, 23)]"
00_datos_crudos\FINANCIERO MENSUAL BANCA PRIVADA 2023_10.xlsx,2023-10,roe,fallback_nombre_usado,No se encontró una fila útil por código; se usó búsqueda textual por nombre/variantes.,INDICADORES,B53,"[('B53', 23, 23), ('B47', 0, 0)]"
00_datos_crudos\FINANCIERO MENSUAL BANCA PRIVADA 2023_10.xlsx,2023-10,roe,duplicado_nombre_resuelto,Se encontraron 2 coincidencias por nombre; se usó la fila con más valores.,INDICADORES,B53,"[('B53', 23, 23), ('B47', 0, 0)]"
00_datos_crudos\FINANCIERO MENSUAL BANCA PRIVADA 2023_11.xlsx,2023-11,morosidad,fallback_nombre_usado,No se encontró una fila útil por código; se usó búsqueda textual por nombre/variantes.,INDICADORES,B29,"[('B29', 23, 23)]"
00_datos_crudos\FINANCIERO MENSUAL BANCA PRIVADA 2023_11.xlsx,2023-11,solvencia_proxy,fallback_nombre_usado,No se encontró una fila útil por IF112; se usó el nombre del Índice de Capitalización Neto FK/FI.,INDICADORES,B88,"[('B88', 23, 23)]"
00_datos_crudos\FINANCIERO MENSUAL BANCA PRIVADA 2023_11.xlsx,2023-11,roe,fallback_nombre_usado,No se encontró una fila útil por código; se usó búsqueda textual por nombre/variantes.,INDICADORES,B53,"[('B53', 23, 23), ('B47', 0, 0)]"
00_datos_crudos\FINANCIERO MENSUAL BANCA PRIVADA 2023_11.xlsx,2023-11,roe,duplicado_nombre_resuelto,Se encontraron 2 coincidencias por nombre; se usó la fila con más valores.,INDICADORES,B53,"[('B53', 23, 23), ('B47', 0, 0)]"
00_datos_crudos\FINANCIERO MENSUAL BANCA PRIVADA 2023_12.xlsx,2023-12,morosidad,fallback_nombre_usado,No se encontró una fila útil por código; se usó búsqueda textual por nombre/variantes.,INDICADORES,B29,"[('B29', 23, 23)]"
00_datos_crudos\FINANCIERO MENSUAL BANCA PRIVADA 2023_12.xlsx,2023-12,solvencia_proxy,fallback_nombre_usado,No se encontró una fila útil por IF112; se usó el nombre del Índice de Capitalización Neto FK/FI.,INDICADORES,B88,"[('B88', 23, 23)]"
00_datos_crudos\FINANCIERO MENSUAL BANCA PRIVADA 2023_12.xlsx,2023-12,roe,fallback_nombre_usado,No se encontró una fila útil por código; se usó búsqueda textual por nombre/variantes.,INDICADORES,B53,"[('B53', 23, 23), ('B47', 0, 0)]"
00_datos_crudos\FINANCIERO MENSUAL BANCA PRIVADA 2023_12.xlsx,2023-12,roe,duplicado_nombre_resuelto,Se encontraron 2 coincidencias por nombre; se usó la fila con más valores.,INDICADORES,B53,"[('B53', 23, 23), ('B47', 0, 0)]"
00_datos_crudos\FINANCIERO MENSUAL BANCA PRIVADA 2024_01.xlsx,2024-01,morosidad,fallback_nombre_usado,No se encontró una fila útil por código; se usó búsqueda textual por nombre/variantes.,INDICADORES,B29,"[('B29', 23, 23)]"
00_datos_crudos\FINANCIERO MENSUAL BANCA PRIVADA 2024_01.xlsx,2024-01,solvencia_proxy,fallback_nombre_usado,No se encontró una fila útil por IF112; se usó el nombre del Índice de Capitalización Neto FK/FI.,INDICADORES,B88,"[('B88', 23, 23)]"
00_datos_crudos\FINANCIERO MENSUAL BANCA PRIVADA 2024_01.xlsx,2024-01,roe,fallback_nombre_usado,No se encontró una fila útil por código; se usó búsqueda textual por nombre/variantes.,INDICADORES,B53,"[('B53', 23, 23), ('B47', 0, 0)]"
00_datos_crudos\FINANCIERO MENSUAL BANCA PRIVADA 2024_01.xlsx,2024-01,roe,duplicado_nombre_resuelto,Se encontraron 2 coincidencias por nombre; se usó la fila con más valores.,INDICADORES,B53,"[('B53', 23, 23), ('B47', 0, 0)]"
00_datos_crudos\FINANCIERO MENSUAL BANCA PRIVADA 2024_02.xlsx,2024-02,morosidad,fallback_nombre_usado,No se encontró una fila útil por código; se usó búsqueda textual por nombre/variantes.,INDICADORES,B29,"[('B29', 23, 23)]"
00_datos_crudos\FINANCIERO MENSUAL BANCA PRIVADA 2024_02.xlsx,2024-02,solvencia_proxy,fallback_nombre_usado,No se encontró una fila útil por IF112; se usó el nombre del Índice de Capitalización Neto FK/FI.,INDICADORES,B88,"[('B88', 23, 23)]"
00_datos_crudos\FINANCIERO MENSUAL BANCA PRIVADA 2024_02.xlsx,2024-02,roe,fallback_nombre_usado,No se encontró una fila útil por código; se usó búsqueda textual por nombre/variantes.,INDICADORES,B53,"[('B53', 23, 23), ('B47', 0, 0)]"
00_datos_crudos\FINANCIERO MENSUAL BANCA PRIVADA 2024_02.xlsx,2024-02,roe,duplicado_nombre_resuelto,Se encontraron 2 coincidencias por nombre; se usó la fila con más valores.,INDICADORES,B53,"[('B53', 23, 23), ('B47', 0, 0)]"
00_datos_crudos\FINANCIERO MENSUAL BANCA PRIVADA 2024_03.xlsx,2024-03,morosidad,fallback_nombre_usado,No se encontró una fila útil por código; se usó búsqueda textual por nombre/variantes.,INDICADORES,B29,"[('B29', 23, 23)]"
00_datos_crudos\FINANCIERO MENSUAL BANCA PRIVADA 2024_03.xlsx,2024-03,solvencia_proxy,fallback_nombre_usado,No se encontró una fila útil por IF112; se usó el nombre del Índice de Capitalización Neto FK/FI.,INDICADORES,B88,"[('B88', 23, 23)]"
00_datos_crudos\FINANCIERO MENSUAL BANCA PRIVADA 2024_03.xlsx,2024-03,roe,fallback_nombre_usado,No se encontró una fila útil por código; se usó búsqueda textual por nombre/variantes.,INDICADORES,B53,"[('B53', 23, 23), ('B47', 0, 0)]"
00_datos_crudos\FINANCIERO MENSUAL BANCA PRIVADA 2024_03.xlsx,2024-03,roe,duplicado_nombre_resuelto,Se encontraron 2 coincidencias por nombre; se usó la fila con más valores.,INDICADORES,B53,"[('B53', 23, 23), ('B47', 0, 0)]"
00_datos_crudos\FINANCIERO MENSUAL BANCA PRIVADA 2024_05.xlsx,2024-05,morosidad,fallback_nombre_usado,No se encontró una fila útil por código; se usó búsqueda textual por nombre/variantes.,INDICADORES,B29,"[('B29', 23, 23)]"
00_datos_crudos\FINANCIERO MENSUAL BANCA PRIVADA 2024_05.xlsx,2024-05,solvencia_proxy,fallback_nombre_usado,No se encontró una fila útil por IF112; se usó el nombre del Índice de Capitalización Neto FK/FI.,INDICADORES,B88,"[('B88', 23, 23)]"
00_datos_crudos\FINANCIERO MENSUAL BANCA PRIVADA 2024_05.xlsx,2024-05,roe,fallback_nombre_usado,No se encontró una fila útil por código; se usó búsqueda textual por nombre/variantes.,INDICADORES,B53,"[('B53', 23, 23), ('B47', 0, 0)]"
00_datos_crudos\FINANCIERO MENSUAL BANCA PRIVADA 2024_05.xlsx,2024-05,roe,duplicado_nombre_resuelto,Se encontraron 2 coincidencias por nombre; se usó la fila con más valores.,INDICADORES,B53,"[('B53', 23, 23), ('B47', 0, 0)]"
00_datos_crudos\FINANCIERO MENSUAL BANCA PRIVADA 2024_04.xlsx,2024-04,morosidad,fallback_nombre_usado,No se encontró una fila útil por código; se usó búsqueda textual por nombre/variantes.,INDICADORES,B29,"[('B29', 23, 23)]"
00_datos_crudos\FINANCIERO MENSUAL BANCA PRIVADA 2024_04.xlsx,2024-04,solvencia_proxy,fallback_nombre_usado,No se encontró una fila útil por IF112; se usó el nombre del Índice de Capitalización Neto FK/FI.,INDICADORES,B88,"[('B88', 23, 23)]"
00_datos_crudos\FINANCIERO MENSUAL BANCA PRIVADA 2024_04.xlsx,2024-04,roe,fallback_nombre_usado,No se encontró una fila útil por código; se usó búsqueda textual por nombre/variantes.,INDICADORES,B53,"[('B53', 23, 23), ('B47', 0, 0)]"
00_datos_crudos\FINANCIERO MENSUAL BANCA PRIVADA 2024_04.xlsx,2024-04,roe,duplicado_nombre_resuelto,Se encontraron 2 coincidencias por nombre; se usó la fila con más valores.,INDICADORES,B53,"[('B53', 23, 23), ('B47', 0, 0)]"
00_datos_crudos\FINANCIERO MENSUAL BANCA PRIVADA 2024_06.xlsx,2024-06,morosidad,fallback_nombre_usado,No se encontró una fila útil por código; se usó búsqueda textual por nombre/variantes.,INDICADORES,B29,"[('B29', 23, 23)]"
00_datos_crudos\FINANCIERO MENSUAL BANCA PRIVADA 2024_06.xlsx,2024-06,solvencia_proxy,fallback_nombre_usado,No se encontró una fila útil por IF112; se usó el nombre del Índice de Capitalización Neto FK/FI.,INDICADORES,B88,"[('B88', 23, 23)]"
00_datos_crudos\FINANCIERO MENSUAL BANCA PRIVADA 2024_06.xlsx,2024-06,roe,fallback_nombre_usado,No se encontró una fila útil por código; se usó búsqueda textual por nombre/variantes.,INDICADORES,B53,"[('B53', 23, 23), ('B47', 0, 0)]"
00_datos_crudos\FINANCIERO MENSUAL BANCA PRIVADA 2024_06.xlsx,2024-06,roe,duplicado_nombre_resuelto,Se encontraron 2 coincidencias por nombre; se usó la fila con más valores.,INDICADORES,B53,"[('B53', 23, 23), ('B47', 0, 0)]"
00_datos_crudos\FINANCIERO MENSUAL BANCA PRIVADA 2024_07.xlsx,2024-07,morosidad,fallback_nombre_usado,No se encontró una fila útil por código; se usó búsqueda textual por nombre/variantes.,INDICADORES,B29,"[('B29', 23, 23)]"
00_datos_crudos\FINANCIERO MENSUAL BANCA PRIVADA 2024_07.xlsx,2024-07,solvencia_proxy,fallback_nombre_usado,No se encontró una fila útil por IF112; se usó el nombre del Índice de Capitalización Neto FK/FI.,INDICADORES,B88,"[('B88', 23, 23)]"
00_datos_crudos\FINANCIERO MENSUAL BANCA PRIVADA 2024_07.xlsx,2024-07,roe,fallback_nombre_usado,No se encontró una fila útil por código; se usó búsqueda textual por nombre/variantes.,INDICADORES,B53,"[('B53', 23, 23), ('B47', 0, 0)]"
00_datos_crudos\FINANCIERO MENSUAL BANCA PRIVADA 2024_07.xlsx,2024-07,roe,duplicado_nombre_resuelto,Se encontraron 2 coincidencias por nombre; se usó la fila con más valores.,INDICADORES,B53,"[('B53', 23, 23), ('B47', 0, 0)]"
00_datos_crudos\FINANCIERO MENSUAL BANCA PRIVADA 2024_08.xlsx,2024-08,morosidad,fallback_nombre_usado,No se encontró una fila útil por código; se usó búsqueda textual por nombre/variantes.,INDICADORES,B29,"[('B29', 23, 23)]"
00_datos_crudos\FINANCIERO MENSUAL BANCA PRIVADA 2024_08.xlsx,2024-08,solvencia_proxy,fallback_nombre_usado,No se encontró una fila útil por IF112; se usó el nombre del Índice de Capitalización Neto FK/FI.,INDICADORES,B88,"[('B88', 23, 23)]"
00_datos_crudos\FINANCIERO MENSUAL BANCA PRIVADA 2024_08.xlsx,2024-08,roe,fallback_nombre_usado,No se encontró una fila útil por código; se usó búsqueda textual por nombre/variantes.,INDICADORES,B53,"[('B53', 23, 23), ('B47', 0, 0)]"
00_datos_crudos\FINANCIERO MENSUAL BANCA PRIVADA 2024_08.xlsx,2024-08,roe,duplicado_nombre_resuelto,Se encontraron 2 coincidencias por nombre; se usó la fila con más valores.,INDICADORES,B53,"[('B53', 23, 23), ('B47', 0, 0)]"
00_datos_crudos\FINANCIERO MENSUAL BANCA PRIVADA 2024_09.xlsx,2024-09,morosidad,fallback_nombre_usado,No se encontró una fila útil por código; se usó búsqueda textual por nombre/variantes.,INDICADORES,B29,"[('B29', 23, 23)]"
00_datos_crudos\FINANCIERO MENSUAL BANCA PRIVADA 2024_09.xlsx,2024-09,solvencia_proxy,fallback_nombre_usado,No se encontró una fila útil por IF112; se usó el nombre del Índice de Capitalización Neto FK/FI.,INDICADORES,B88,"[('B88', 23, 23)]"
00_datos_crudos\FINANCIERO MENSUAL BANCA PRIVADA 2024_09.xlsx,2024-09,roe,fallback_nombre_usado,No se encontró una fila útil por código; se usó búsqueda textual por nombre/variantes.,INDICADORES,B53,"[('B53', 23, 23), ('B47', 0, 0)]"
00_datos_crudos\FINANCIERO MENSUAL BANCA PRIVADA 2024_09.xlsx,2024-09,roe,duplicado_nombre_resuelto,Se encontraron 2 coincidencias por nombre; se usó la fila con más valores.,INDICADORES,B53,"[('B53', 23, 23), ('B47', 0, 0)]"
00_datos_crudos\FINANCIERO MENSUAL BANCA PRIVADA 2024_10.xlsx,2024-10,morosidad,fallback_nombre_usado,No se encontró una fila útil por código; se usó búsqueda textual por nombre/variantes.,INDICADORES,B29,"[('B29', 23, 23)]"
00_datos_crudos\FINANCIERO MENSUAL BANCA PRIVADA 2024_10.xlsx,2024-10,solvencia_proxy,fallback_nombre_usado,No se encontró una fila útil por IF112; se usó el nombre del Índice de Capitalización Neto FK/FI.,INDICADORES,B88,"[('B88', 23, 23)]"
00_datos_crudos\FINANCIERO MENSUAL BANCA PRIVADA 2024_10.xlsx,2024-10,roe,fallback_nombre_usado,No se encontró una fila útil por código; se usó búsqueda textual por nombre/variantes.,INDICADORES,B53,"[('B53', 23, 23), ('B47', 0, 0)]"
00_datos_crudos\FINANCIERO MENSUAL BANCA PRIVADA 2024_10.xlsx,2024-10,roe,duplicado_nombre_resuelto,Se encontraron 2 coincidencias por nombre; se usó la fila con más valores.,INDICADORES,B53,"[('B53', 23, 23), ('B47', 0, 0)]"
00_datos_crudos\FINANCIERO MENSUAL BANCA PRIVADA 2024_11.xlsx,2024-11,morosidad,fallback_nombre_usado,No se encontró una fila útil por código; se usó búsqueda textual por nombre/variantes.,INDICADORES,B29,"[('B29', 23, 23)]"
00_datos_crudos\FINANCIERO MENSUAL BANCA PRIVADA 2024_11.xlsx,2024-11,solvencia_proxy,fallback_nombre_usado,No se encontró una fila útil por IF112; se usó el nombre del Índice de Capitalización Neto FK/FI.,INDICADORES,B88,"[('B88', 23, 23)]"
00_datos_crudos\FINANCIERO MENSUAL BANCA PRIVADA 2024_11.xlsx,2024-11,roe,fallback_nombre_usado,No se encontró una fila útil por código; se usó búsqueda textual por nombre/variantes.,INDICADORES,B53,"[('B53', 23, 23), ('B47', 0, 0)]"
00_datos_crudos\FINANCIERO MENSUAL BANCA PRIVADA 2024_11.xlsx,2024-11,roe,duplicado_nombre_resuelto,Se encontraron 2 coincidencias por nombre; se usó la fila con más valores.,INDICADORES,B53,"[('B53', 23, 23), ('B47', 0, 0)]"
00_datos_crudos\FINANCIERO MENSUAL BANCA PRIVADA 2024_12.xlsx,2024-12,morosidad,fallback_nombre_usado,No se encontró una fila útil por código; se usó búsqueda textual por nombre/variantes.,INDICADORES,B29,"[('B29', 23, 23)]"
00_datos_crudos\FINANCIERO MENSUAL BANCA PRIVADA 2024_12.xlsx,2024-12,solvencia_proxy,fallback_nombre_usado,No se encontró una fila útil por IF112; se usó el nombre del Índice de Capitalización Neto FK/FI.,INDICADORES,B88,"[('B88', 23, 23)]"
00_datos_crudos\FINANCIERO MENSUAL BANCA PRIVADA 2024_12.xlsx,2024-12,roe,fallback_nombre_usado,No se encontró una fila útil por código; se usó búsqueda textual por nombre/variantes.,INDICADORES,B53,"[('B53', 23, 23), ('B47', 0, 0)]"
00_datos_crudos\FINANCIERO MENSUAL BANCA PRIVADA 2024_12.xlsx,2024-12,roe,duplicado_nombre_resuelto,Se encontraron 2 coincidencias por nombre; se usó la fila con más valores.,INDICADORES,B53,"[('B53', 23, 23), ('B47', 0, 0)]"
00_datos_crudos\FINANCIERO MENSUAL BANCA PRIVADA 2025_01.xlsx,2025-01,morosidad,fallback_nombre_usado,No se encontró una fila útil por código; se usó búsqueda textual por nombre/variantes.,INDICADORES,B29,"[('B29', 23, 23)]"
00_datos_crudos\FINANCIERO MENSUAL BANCA PRIVADA 2025_01.xlsx,2025-01,solvencia_proxy,fallback_nombre_usado,No se encontró una fila útil por IF112; se usó el nombre del Índice de Capitalización Neto FK/FI.,INDICADORES,B88,"[('B88', 23, 23)]"
00_datos_crudos\FINANCIERO MENSUAL BANCA PRIVADA 2025_01.xlsx,2025-01,roe,fallback_nombre_usado,No se encontró una fila útil por código; se usó búsqueda textual por nombre/variantes.,INDICADORES,B53,"[('B53', 23, 23), ('B47', 0, 0)]"
00_datos_crudos\FINANCIERO MENSUAL BANCA PRIVADA 2025_01.xlsx,2025-01,roe,duplicado_nombre_resuelto,Se encontraron 2 coincidencias por nombre; se usó la fila con más valores.,INDICADORES,B53,"[('B53', 23, 23), ('B47', 0, 0)]"
00_datos_crudos\FINANCIERO MENSUAL BANCA PRIVADA 2025_02.xlsx,2025-02,morosidad,fallback_nombre_usado,No se encontró una fila útil por código; se usó búsqueda textual por nombre/variantes.,INDICADORES,B29,"[('B29', 23, 23)]"
00_datos_crudos\FINANCIERO MENSUAL BANCA PRIVADA 2025_02.xlsx,2025-02,solvencia_proxy,fallback_nombre_usado,No se encontró una fila útil por IF112; se usó el nombre del Índice de Capitalización Neto FK/FI.,INDICADORES,B88,"[('B88', 23, 23)]"
00_datos_crudos\FINANCIERO MENSUAL BANCA PRIVADA 2025_02.xlsx,2025-02,roe,fallback_nombre_usado,No se encontró una fila útil por código; se usó búsqueda textual por nombre/variantes.,INDICADORES,B53,"[('B53', 23, 23), ('B47', 0, 0)]"
00_datos_crudos\FINANCIERO MENSUAL BANCA PRIVADA 2025_02.xlsx,2025-02,roe,duplicado_nombre_resuelto,Se encontraron 2 coincidencias por nombre; se usó la fila con más valores.,INDICADORES,B53,"[('B53', 23, 23), ('B47', 0, 0)]"
00_datos_crudos\FINANCIERO MENSUAL BANCA PRIVADA 2025_03.xlsx,2025-03,morosidad,fallback_nombre_usado,No se encontró una fila útil por código; se usó búsqueda textual por nombre/variantes.,INDICADORES,B29,"[('B29', 23, 23)]"
00_datos_crudos\FINANCIERO MENSUAL BANCA PRIVADA 2025_03.xlsx,2025-03,solvencia_proxy,fallback_nombre_usado,No se encontró una fila útil por IF112; se usó el nombre del Índice de Capitalización Neto FK/FI.,INDICADORES,B88,"[('B88', 23, 23)]"
00_datos_crudos\FINANCIERO MENSUAL BANCA PRIVADA 2025_03.xlsx,2025-03,roe,fallback_nombre_usado,No se encontró una fila útil por código; se usó búsqueda textual por nombre/variantes.,INDICADORES,B53,"[('B53', 23, 23), ('B47', 0, 0)]"
00_datos_crudos\FINANCIERO MENSUAL BANCA PRIVADA 2025_03.xlsx,2025-03,roe,duplicado_nombre_resuelto,Se encontraron 2 coincidencias por nombre; se usó la fila con más valores.,INDICADORES,B53,"[('B53', 23, 23), ('B47', 0, 0)]"
00_datos_crudos\FINANCIERO MENSUAL BANCA PRIVADA 2025_04.xlsx,2025-04,morosidad,fallback_nombre_usado,No se encontró una fila útil por código; se usó búsqueda textual por nombre/variantes.,INDICADORES,B29,"[('B29', 23, 23)]"
00_datos_crudos\FINANCIERO MENSUAL BANCA PRIVADA 2025_04.xlsx,2025-04,solvencia_proxy,fallback_nombre_usado,No se encontró una fila útil por IF112; se usó el nombre del Índice de Capitalización Neto FK/FI.,INDICADORES,B88,"[('B88', 23, 23)]"
00_datos_crudos\FINANCIERO MENSUAL BANCA PRIVADA 2025_04.xlsx,2025-04,roe,fallback_nombre_usado,No se encontró una fila útil por código; se usó búsqueda textual por nombre/variantes.,INDICADORES,B53,"[('B53', 23, 23), ('B47', 0, 0)]"
00_datos_crudos\FINANCIERO MENSUAL BANCA PRIVADA 2025_04.xlsx,2025-04,roe,duplicado_nombre_resuelto,Se encontraron 2 coincidencias por nombre; se usó la fila con más valores.,INDICADORES,B53,"[('B53', 23, 23), ('B47', 0, 0)]"
00_datos_crudos\FINANCIERO MENSUAL BANCA PRIVADA 2025_05.xlsx,2025-05,morosidad,fallback_nombre_usado,No se encontró una fila útil por código; se usó búsqueda textual por nombre/variantes.,INDICADORES,B29,"[('B29', 23, 23)]"
00_datos_crudos\FINANCIERO MENSUAL BANCA PRIVADA 2025_05.xlsx,2025-05,solvencia_proxy,fallback_nombre_usado,No se encontró una fila útil por IF112; se usó el nombre del Índice de Capitalización Neto FK/FI.,INDICADORES,B88,"[('B88', 23, 23)]"
00_datos_crudos\FINANCIERO MENSUAL BANCA PRIVADA 2025_05.xlsx,2025-05,roe,fallback_nombre_usado,No se encontró una fila útil por código; se usó búsqueda textual por nombre/variantes.,INDICADORES,B53,"[('B53', 23, 23), ('B47', 0, 0)]"
00_datos_crudos\FINANCIERO MENSUAL BANCA PRIVADA 2025_05.xlsx,2025-05,roe,duplicado_nombre_resuelto,Se encontraron 2 coincidencias por nombre; se usó la fila con más valores.,INDICADORES,B53,"[('B53', 23, 23), ('B47', 0, 0)]"
00_datos_crudos\FINANCIERO MENSUAL BANCA PRIVADA 2025_06.xlsx,2025-06,morosidad,fallback_nombre_usado,No se encontró una fila útil por código; se usó búsqueda textual por nombre/variantes.,INDICADORES,B29,"[('B29', 23, 23)]"
00_datos_crudos\FINANCIERO MENSUAL BANCA PRIVADA 2025_06.xlsx,2025-06,solvencia_proxy,fallback_nombre_usado,No se encontró una fila útil por IF112; se usó el nombre del Índice de Capitalización Neto FK/FI.,INDICADORES,B88,"[('B88', 23, 23)]"
00_datos_crudos\FINANCIERO MENSUAL BANCA PRIVADA 2025_06.xlsx,2025-06,roe,fallback_nombre_usado,No se encontró una fila útil por código; se usó búsqueda textual por nombre/variantes.,INDICADORES,B53,"[('B53', 23, 23), ('B47', 0, 0)]"
00_datos_crudos\FINANCIERO MENSUAL BANCA PRIVADA 2025_06.xlsx,2025-06,roe,duplicado_nombre_resuelto,Se encontraron 2 coincidencias por nombre; se usó la fila con más valores.,INDICADORES,B53,"[('B53', 23, 23), ('B47', 0, 0)]"
00_datos_crudos\FINANCIERO MENSUAL BANCA PRIVADA 2025_07.xlsx,2025-07,morosidad,fallback_nombre_usado,No se encontró una fila útil por código; se usó búsqueda textual por nombre/variantes.,INDICADORES,B29,"[('B29', 23, 23)]"
00_datos_crudos\FINANCIERO MENSUAL BANCA PRIVADA 2025_07.xlsx,2025-07,solvencia_proxy,fallback_nombre_usado,No se encontró una fila útil por IF112; se usó el nombre del Índice de Capitalización Neto FK/FI.,INDICADORES,B88,"[('B88', 23, 23)]"
00_datos_crudos\FINANCIERO MENSUAL BANCA PRIVADA 2025_07.xlsx,2025-07,roe,fallback_nombre_usado,No se encontró una fila útil por código; se usó búsqueda textual por nombre/variantes.,INDICADORES,B53,"[('B53', 23, 23), ('B47', 0, 0)]"
00_datos_crudos\FINANCIERO MENSUAL BANCA PRIVADA 2025_07.xlsx,2025-07,roe,duplicado_nombre_resuelto,Se encontraron 2 coincidencias por nombre; se usó la fila con más valores.,INDICADORES,B53,"[('B53', 23, 23), ('B47', 0, 0)]"
00_datos_crudos\FINANCIERO MENSUAL BANCA PRIVADA 2025_08.xlsx,2025-08,morosidad,fallback_nombre_usado,No se encontró una fila útil por código; se usó búsqueda textual por nombre/variantes.,INDICADORES,B27,"[('B27', 23, 23)]"
00_datos_crudos\FINANCIERO MENSUAL BANCA PRIVADA 2025_08.xlsx,2025-08,solvencia_proxy,fallback_nombre_usado,No se encontró una fila útil por IF112; se usó el nombre del Índice de Capitalización Neto FK/FI.,INDICADORES,B80,"[('B80', 23, 23)]"
00_datos_crudos\FINANCIERO MENSUAL BANCA PRIVADA 2025_08.xlsx,2025-08,roe,fallback_nombre_usado,No se encontró una fila útil por código; se usó búsqueda textual por nombre/variantes.,INDICADORES,B48,"[('B48', 23, 23), ('B42', 0, 0)]"
00_datos_crudos\FINANCIERO MENSUAL BANCA PRIVADA 2025_08.xlsx,2025-08,roe,duplicado_nombre_resuelto,Se encontraron 2 coincidencias por nombre; se usó la fila con más valores.,INDICADORES,B48,"[('B48', 23, 23), ('B42', 0, 0)]"
00_datos_crudos\FINANCIERO MENSUAL BANCA PRIVADA 2025_09.xlsx,2025-09,morosidad,fallback_nombre_usado,No se encontró una fila útil por código; se usó búsqueda textual por nombre/variantes.,INDICADORES,B27,"[('B27', 23, 23)]"
00_datos_crudos\FINANCIERO MENSUAL BANCA PRIVADA 2025_09.xlsx,2025-09,solvencia_proxy,fallback_nombre_usado,No se encontró una fila útil por IF112; se usó el nombre del Índice de Capitalización Neto FK/FI.,INDICADORES,B80,"[('B80', 23, 23)]"
00_datos_crudos\FINANCIERO MENSUAL BANCA PRIVADA 2025_09.xlsx,2025-09,roe,fallback_nombre_usado,No se encontró una fila útil por código; se usó búsqueda textual por nombre/variantes.,INDICADORES,B48,"[('B48', 23, 23), ('B42', 0, 0)]"
00_datos_crudos\FINANCIERO MENSUAL BANCA PRIVADA 2025_09.xlsx,2025-09,roe,duplicado_nombre_resuelto,Se encontraron 2 coincidencias por nombre; se usó la fila con más valores.,INDICADORES,B48,"[('B48', 23, 23), ('B42', 0, 0)]"
00_datos_crudos\FINANCIERO MENSUAL BANCA PRIVADA 2025_10.xlsx,2025-10,morosidad,fallback_nombre_usado,No se encontró una fila útil por código; se usó búsqueda textual por nombre/variantes.,INDICADORES,B27,"[('B27', 23, 23)]"
00_datos_crudos\FINANCIERO MENSUAL BANCA PRIVADA 2025_10.xlsx,2025-10,solvencia_proxy,fallback_nombre_usado,No se encontró una fila útil por IF112; se usó el nombre del Índice de Capitalización Neto FK/FI.,INDICADORES,B80,"[('B80', 23, 23)]"
00_datos_crudos\FINANCIERO MENSUAL BANCA PRIVADA 2025_10.xlsx,2025-10,roe,fallback_nombre_usado,No se encontró una fila útil por código; se usó búsqueda textual por nombre/variantes.,INDICADORES,B48,"[('B48', 23, 23), ('B42', 0, 0)]"
00_datos_crudos\FINANCIERO MENSUAL BANCA PRIVADA 2025_10.xlsx,2025-10,roe,duplicado_nombre_resuelto,Se encontraron 2 coincidencias por nombre; se usó la fila con más valores.,INDICADORES,B48,"[('B48', 23, 23), ('B42', 0, 0)]"
00_datos_crudos\FINANCIERO MENSUAL BANCA PRIVADA 2025_12.xlsx,2025-12,morosidad,fallback_nombre_usado,No se encontró una fila útil por código; se usó búsqueda textual por nombre/variantes.,INDICADORES,B27,"[('B27', 23, 23)]"
00_datos_crudos\FINANCIERO MENSUAL BANCA PRIVADA 2025_12.xlsx,2025-12,solvencia_proxy,fallback_nombre_usado,No se encontró una fila útil por IF112; se usó el nombre del Índice de Capitalización Neto FK/FI.,INDICADORES,B80,"[('B80', 23, 23)]"
00_datos_crudos\FINANCIERO MENSUAL BANCA PRIVADA 2025_12.xlsx,2025-12,roe,fallback_nombre_usado,No se encontró una fila útil por código; se usó búsqueda textual por nombre/variantes.,INDICADORES,B48,"[('B48', 23, 23), ('B42', 0, 0)]"
00_datos_crudos\FINANCIERO MENSUAL BANCA PRIVADA 2025_12.xlsx,2025-12,roe,duplicado_nombre_resuelto,Se encontraron 2 coincidencias por nombre; se usó la fila con más valores.,INDICADORES,B48,"[('B48', 23, 23), ('B42', 0, 0)]"
00_datos_crudos\FINANCIERO MENSUAL BANCA PRIVADA 2025_11.xlsx,2025-11,morosidad,fallback_nombre_usado,No se encontró una fila útil por código; se usó búsqueda textual por nombre/variantes.,INDICADORES,B27,"[('B27', 23, 23)]"
00_datos_crudos\FINANCIERO MENSUAL BANCA PRIVADA 2025_11.xlsx,2025-11,solvencia_proxy,fallback_nombre_usado,No se encontró una fila útil por IF112; se usó el nombre del Índice de Capitalización Neto FK/FI.,INDICADORES,B80,"[('B80', 23, 23)]"
00_datos_crudos\FINANCIERO MENSUAL BANCA PRIVADA 2025_11.xlsx,2025-11,roe,fallback_nombre_usado,No se encontró una fila útil por código; se usó búsqueda textual por nombre/variantes.,INDICADORES,B48,"[('B48', 23, 23), ('B42', 0, 0)]"
00_datos_crudos\FINANCIERO MENSUAL BANCA PRIVADA 2025_11.xlsx,2025-11,roe,duplicado_nombre_resuelto,Se encontraron 2 coincidencias por nombre; se usó la fila con más valores.,INDICADORES,B48,"[('B48', 23, 23), ('B42', 0, 0)]"
00_datos_crudos\FINANCIERO MENSUAL BANCA PRIVADA 2026_01.xlsx,2026-01,morosidad,fallback_nombre_usado,No se encontró una fila útil por código; se usó búsqueda textual por nombre/variantes.,INDICADORES,B27,"[('B27', 23, 23)]"
00_datos_crudos\FINANCIERO MENSUAL BANCA PRIVADA 2026_01.xlsx,2026-01,solvencia_proxy,fallback_nombre_usado,No se encontró una fila útil por IF112; se usó el nombre del Índice de Capitalización Neto FK/FI.,INDICADORES,B80,"[('B80', 23, 23)]"
00_datos_crudos\FINANCIERO MENSUAL BANCA PRIVADA 2026_01.xlsx,2026-01,roe,fallback_nombre_usado,No se encontró una fila útil por código; se usó búsqueda textual por nombre/variantes.,INDICADORES,B48,"[('B48', 23, 23), ('B42', 0, 0)]"
00_datos_crudos\FINANCIERO MENSUAL BANCA PRIVADA 2026_01.xlsx,2026-01,roe,duplicado_nombre_resuelto,Se encontraron 2 coincidencias por nombre; se usó la fila con más valores.,INDICADORES,B48,"[('B48', 23, 23), ('B42', 0, 0)]"
00_datos_crudos\FINANCIERO MENSUAL BANCA PRIVADA 2026_02.xlsx,2026-02,morosidad,fallback_nombre_usado,No se encontró una fila útil por código; se usó búsqueda textual por nombre/variantes.,INDICADORES,B27,"[('B27', 23, 23)]"
00_datos_crudos\FINANCIERO MENSUAL BANCA PRIVADA 2026_02.xlsx,2026-02,solvencia_proxy,fallback_nombre_usado,No se encontró una fila útil por IF112; se usó el nombre del Índice de Capitalización Neto FK/FI.,INDICADORES,B80,"[('B80', 23, 23)]"
00_datos_crudos\FINANCIERO MENSUAL BANCA PRIVADA 2026_02.xlsx,2026-02,roe,fallback_nombre_usado,No se encontró una fila útil por código; se usó búsqueda textual por nombre/variantes.,INDICADORES,B48,"[('B48', 23, 23), ('B42', 0, 0)]"
00_datos_crudos\FINANCIERO MENSUAL BANCA PRIVADA 2026_02.xlsx,2026-02,roe,duplicado_nombre_resuelto,Se encontraron 2 coincidencias por nombre; se usó la fila con más valores.,INDICADORES,B48,"[('B48', 23, 23), ('B42', 0, 0)]"
00_datos_crudos\FINANCIERO MENSUAL BANCA PRIVADA 2026_03.xlsx,2026-03,morosidad,fallback_nombre_usado,No se encontró una fila útil por código; se usó búsqueda textual por nombre/variantes.,INDICADORES,B27,"[('B27', 23, 23)]"
00_datos_crudos\FINANCIERO MENSUAL BANCA PRIVADA 2026_03.xlsx,2026-03,solvencia_proxy,fallback_nombre_usado,No se encontró una fila útil por IF112; se usó el nombre del Índice de Capitalización Neto FK/FI.,INDICADORES,B80,"[('B80', 23, 23)]"
00_datos_crudos\FINANCIERO MENSUAL BANCA PRIVADA 2026_03.xlsx,2026-03,roe,fallback_nombre_usado,No se encontró una fila útil por código; se usó búsqueda textual por nombre/variantes.,INDICADORES,B48,"[('B48', 23, 23), ('B42', 0, 0)]"
00_datos_crudos\FINANCIERO MENSUAL BANCA PRIVADA 2026_03.xlsx,2026-03,roe,duplicado_nombre_resuelto,Se encontraron 2 coincidencias por nombre; se usó la fila con más valores.,INDICADORES,B48,"[('B48', 23, 23), ('B42', 0, 0)]"
00_datos_crudos\Mensual_BancaPrivada_mar22.xlsx,2022-03,morosidad,fallback_nombre_usado,No se encontró una fila útil por código; se usó búsqueda textual por nombre/variantes.,INDICADORES,B29,"[('B29', 24, 24)]"
00_datos_crudos\Mensual_BancaPrivada_mar22.xlsx,2022-03,solvencia_proxy,fallback_nombre_usado,No se encontró una fila útil por IF112; se usó el nombre del Índice de Capitalización Neto FK/FI.,INDICADORES,B88,"[('B88', 24, 24)]"
00_datos_crudos\Mensual_BancaPrivada_mar22.xlsx,2022-03,roe,fallback_nombre_usado,No se encontró una fila útil por código; se usó búsqueda textual por nombre/variantes.,INDICADORES,B53,"[('B53', 24, 24), ('B47', 0, 0)]"
00_datos_crudos\Mensual_BancaPrivada_mar22.xlsx,2022-03,roe,duplicado_nombre_resuelto,Se encontraron 2 coincidencias por nombre; se usó la fila con más valores.,INDICADORES,B53,"[('B53', 24, 24), ('B47', 0, 0)]"
00_datos_crudos\Mensual_BancaPrivada_dic21.xlsx,2021-12,morosidad,fallback_nombre_usado,No se encontró una fila útil por código; se usó búsqueda textual por nombre/variantes.,INDICADORES,B29,"[('B29', 24, 24)]"
00_datos_crudos\Mensual_BancaPrivada_dic21.xlsx,2021-12,solvencia_proxy,fallback_nombre_usado,No se encontró una fila útil por IF112; se usó el nombre del Índice de Capitalización Neto FK/FI.,INDICADORES,B88,"[('B88', 24, 24)]"
00_datos_crudos\Mensual_BancaPrivada_dic21.xlsx,2021-12,roe,fallback_nombre_usado,No se encontró una fila útil por código; se usó búsqueda textual por nombre/variantes.,INDICADORES,B53,"[('B53', 24, 24), ('B47', 0, 0)]"
00_datos_crudos\Mensual_BancaPrivada_dic21.xlsx,2021-12,roe,duplicado_nombre_resuelto,Se encontraron 2 coincidencias por nombre; se usó la fila con más valores.,INDICADORES,B53,"[('B53', 24, 24), ('B47', 0, 0)]"
00_datos_crudos\MENSUAL_BANCA_PRIVADA 2021_11.xlsx,2021-11,morosidad,fallback_nombre_usado,No se encontró una fila útil por código; se usó búsqueda textual por nombre/variantes.,INDICADORES,B29,"[('B29', 24, 24)]"
00_datos_crudos\MENSUAL_BANCA_PRIVADA 2021_11.xlsx,2021-11,solvencia_proxy,componente_fk_no_encontrado,No se encontró una fila útil para el componente fk.,INDICADORES,,[]
00_datos_crudos\MENSUAL_BANCA_PRIVADA 2021_11.xlsx,2021-11,solvencia_proxy,fallback_fi_nombre_usado,No se encontró una fila útil por código para fi; se usó búsqueda textual por nombre/variantes.,INDICADORES,,"[('B87', 24, 24)]"
00_datos_crudos\MENSUAL_BANCA_PRIVADA 2021_11.xlsx,2021-11,solvencia_proxy,solvencia_proxy_no_encontrada,No se encontró IF112 ni nombre directo útil. Tampoco fue posible calcular con FK/FI porque falta uno o ambos componentes.,INDICADORES,,[]
00_datos_crudos\MENSUAL_BANCA_PRIVADA 2021_11.xlsx,2021-11,roe,fallback_nombre_usado,No se encontró una fila útil por código; se usó búsqueda textual por nombre/variantes.,INDICADORES,B53,"[('B53', 24, 24), ('B47', 0, 0)]"
00_datos_crudos\MENSUAL_BANCA_PRIVADA 2021_11.xlsx,2021-11,roe,duplicado_nombre_resuelto,Se encontraron 2 coincidencias por nombre; se usó la fila con más valores.,INDICADORES,B53,"[('B53', 24, 24), ('B47', 0, 0)]"
00_datos_crudos\MENSUAL_BANCA_PRIVADA 2021_11.xlsx,2021-11,solvencia_proxy,indicador_financiero_no_encontrado_final,No se encontró por código ni por nombre/variantes en las hojas revisadas.,INDICADORES,,
